-0.00173517, -3.13352e-05,  -0.00017543,  1,  3.0651e-05,  0.00014765,  -4.10105e-05
-0.00369395, -0.000392722,  0.000137152,  1,  -0.00010574,  0.000383585,  -9.54817e-05
-0.00522125, -0.000371296,  0.000418689,  1,  -0.000108255,  0.00056989,  -0.000101071
-0.00644568, 0.000124194,  9.6088e-05,  1,  3.59399e-05,  0.000619811,  -0.000129722
-0.00776214, 0.000639238,  0.000334508,  1,  0.000113437,  0.000721864,  -0.000106537
-0.0092994, 0.000198635,  0.000464304,  1,  2.83839e-05,  0.000841017,  -0.000117564
-0.0104867, 0.000904603,  0.000349057,  1,  0.000181639,  0.000858156,  2.81701e-05
-0.0121265, 0.00153815,  0.000463462,  0.999999,  0.000298289,  0.00104548,  -6.67749e-06
-0.013524, 0.000530289,  0.000196101,  0.999999,  7.8682e-05,  0.00118057,  -7.20771e-05
-0.01388, 0.00253728,  0.000312281,  0.999999,  0.000534074,  0.00101576,  8.88656e-05
-0.0209449, 0.00398441,  0.000395505,  0.999998,  0.000878515,  0.00159222,  0.000103149
-0.0227222, 0.00090575,  5.61898e-05,  0.999999,  0.000223082,  0.00136139,  0.000123965
-0.0256299, 0.00063215,  0.000117074,  0.999999,  0.000212549,  0.0014398,  -0.000111112
-0.0211171, -0.0051941,  -0.000547616,  0.999999,  -0.00111958,  -0.000535206,  0.000290782
-0.0307288, -0.00966833,  -0.0014615,  0.999996,  -0.00188135,  0.00178139,  -0.00061013
-0.0347746, -0.0177271,  -0.00292844,  0.99999,  -0.00356475,  0.00243207,  -0.00110974
-0.035995, -0.020778,  -0.00349621,  0.999987,  -0.00409098,  0.00256708,  -0.00130474
-0.0377962, -0.0268827,  -0.00379067,  0.999981,  -0.0053386,  0.00270438,  -0.00133948
-0.0395253, -0.0346602,  -0.00320042,  0.999972,  -0.00672934,  0.00286233,  -0.00151788
-0.0412132, -0.0401629,  -0.00242995,  0.999963,  -0.0077519,  0.00321495,  -0.00173312
-0.0420946, -0.045977,  -0.00216157,  0.999952,  -0.00898834,  0.00337464,  -0.00179139
-0.043491, -0.0539477,  -0.0026178,  0.999935,  -0.0106575,  0.00368578,  -0.0017431
-0.0437492, -0.0584882,  -0.00235103,  0.999925,  -0.0115557,  0.00378477,  -0.00173147
-0.0440314, -0.0657028,  -0.00254458,  0.999907,  -0.0129283,  0.00390339,  -0.00166503
-0.0436839, -0.070149,  -0.00220018,  0.999896,  -0.0137299,  0.00398648,  -0.00169586
-0.0434294, -0.0748959,  -0.00266072,  0.999885,  -0.0145155,  0.00404076,  -0.00169192
-0.0421969, -0.0806347,  -0.00348908,  0.999869,  -0.0156249,  0.00393925,  -0.00135763
-0.0394888, -0.0876805,  -0.00465674,  0.999848,  -0.0170305,  0.00363068,  -0.000677671
-0.0391089, -0.0895558,  -0.00496382,  0.999843,  -0.017311,  0.00362574,  -0.000469648
-0.0372143, -0.0931235,  -0.00572863,  0.999832,  -0.0180303,  0.00339105,  -2.48592e-05
-0.0349691, -0.0943482,  -0.00625614,  0.999826,  -0.0183925,  0.00314635,  0.000150941
-0.0326437, -0.0971802,  -0.00721062,  0.999816,  -0.0189742,  0.00293556,  0.000401182
-0.0292601, -0.100465,  -0.00816204,  0.999806,  -0.0194925,  0.00261361,  0.000910235
-0.0289709, -0.103932,  -0.00935206,  0.999795,  -0.0200474,  0.00273943,  0.000975521
-0.0216333, -0.110098,  -0.0117151,  0.999774,  -0.0211364,  0.00191622,  0.00111958
-0.0223647, -0.115162,  -0.0137358,  0.999758,  -0.0218667,  0.0022667,  0.000954162
-0.0235245, -0.118878,  -0.0154374,  0.999748,  -0.0222781,  0.00263877,  0.000790347
-0.0238235, -0.122859,  -0.0169723,  0.99973,  -0.0230409,  0.00275981,  0.000749411
-0.0227849, -0.125981,  -0.0187165,  0.99972,  -0.023503,  0.00270382,  0.000829889
-0.0222477, -0.128953,  -0.0202669,  0.999712,  -0.023829,  0.00271119,  0.000927646
-0.0225837, -0.132516,  -0.0218169,  0.999698,  -0.0244089,  0.00287424,  0.000852986
-0.0203056, -0.134821,  -0.0239943,  0.99969,  -0.0247397,  0.0025927,  0.0011974
-0.0198793, -0.137427,  -0.0266352,  0.999683,  -0.0250049,  0.00257835,  0.00130926
-0.0205119, -0.155892,  -0.0283916,  0.999514,  -0.0310032,  0.00272937,  0.00178814
-0.0205692, -0.158871,  -0.0290335,  0.999494,  -0.0316348,  0.00276982,  0.0018585
-0.0207104, -0.159967,  -0.0293323,  0.999484,  -0.0319274,  0.0028435,  0.00183014
-0.0204994, -0.161232,  -0.0297356,  0.999481,  -0.0320511,  0.00273391,  0.00194811
-0.0203035, -0.16455,  -0.0304161,  0.999457,  -0.0327664,  0.0026912,  0.00200118
-0.0203512, -0.167692,  -0.031539,  0.999438,  -0.0333587,  0.00266444,  0.00215602
-0.0203862, -0.170267,  -0.0320877,  0.999418,  -0.0339285,  0.00264129,  0.00224713
-0.0207222, -0.178387,  -0.034047,  0.999366,  -0.0354098,  0.00255953,  0.00274743
-0.0208062, -0.184727,  -0.0360629,  0.999317,  -0.036717,  0.00249762,  0.0033963
-0.020999, -0.195449,  -0.0383454,  0.999229,  -0.0388844,  0.00241586,  0.00490241
-0.0208539, -0.199714,  -0.0403512,  0.999193,  -0.0397683,  0.00232534,  0.00515309
-0.0206783, -0.20574,  -0.0421391,  0.999141,  -0.040974,  0.00215895,  0.0058683
-0.0208302, -0.210376,  -0.0438172,  0.999097,  -0.0420005,  0.0020578,  0.00615401
-0.0214796, -0.215616,  -0.0461844,  0.999047,  -0.0431167,  0.00197173,  0.00645719
-0.0225077, -0.221289,  -0.0487642,  0.998995,  -0.0443029,  0.00190244,  0.00659584
-0.0235006, -0.226552,  -0.0507887,  0.998942,  -0.0454391,  0.00179376,  0.00683564
-0.0264575, -0.241761,  -0.0528601,  0.998786,  -0.0483515,  0.00195438,  0.00917209
-0.0277572, -0.245726,  -0.0546314,  0.998756,  -0.0490837,  0.00185648,  0.00854487
-0.0296071, -0.244852,  -0.0552662,  0.998773,  -0.0488787,  0.00184997,  0.00779224
-0.0311726, -0.245103,  -0.0561806,  0.998771,  -0.0489872,  0.0017866,  0.00736074
-0.0339648, -0.243089,  -0.0569633,  0.998796,  -0.0485513,  0.00177946,  0.00672703
-0.0377239, -0.240875,  -0.0566882,  0.998825,  -0.0480051,  0.0018449,  0.006352
-0.0396292, -0.237984,  -0.0561942,  0.998855,  -0.0474375,  0.00185476,  0.00597067
-0.0429188, -0.233972,  -0.0552169,  0.998896,  -0.0466166,  0.00187234,  0.00547502
-0.0439571, -0.232654,  -0.0551988,  0.998907,  -0.0464109,  0.00186725,  0.00532254
-0.0489704, -0.22656,  -0.0543708,  0.998966,  -0.0451646,  0.00202902,  0.00484757
-0.0508424, -0.223453,  -0.0544391,  0.998995,  -0.0445333,  0.00208189,  0.00472468
-0.0537641, -0.220687,  -0.0545448,  0.999015,  -0.0440741,  0.00216931,  0.00474027
-0.0555885, -0.218698,  -0.0539504,  0.999031,  -0.0436837,  0.00223883,  0.00495742
-0.0596365, -0.216373,  -0.0534718,  0.999046,  -0.0433046,  0.00232095,  0.00508471
-0.061573, -0.215456,  -0.0531813,  0.99905,  -0.0431657,  0.00237,  0.00543817
-0.0636003, -0.214866,  -0.0537869,  0.999055,  -0.0430522,  0.0023781,  0.0055177
-0.0671429, -0.214324,  -0.0542604,  0.999054,  -0.0430741,  0.00238502,  0.00539217
-0.0704758, -0.214799,  -0.0549008,  0.999046,  -0.0432762,  0.00234054,  0.00540741
-0.0723563, -0.214582,  -0.0552773,  0.99905,  -0.043178,  0.00229109,  0.00543151
-0.0744803, -0.215417,  -0.0557222,  0.999044,  -0.0433352,  0.0022483,  0.00531578
-0.0769554, -0.216942,  -0.0563413,  0.99903,  -0.043673,  0.00221042,  0.00508364
-0.0795108, -0.217408,  -0.0571422,  0.999034,  -0.0436358,  0.002155,  0.00476423
-0.0816623, -0.218306,  -0.0583579,  0.999033,  -0.0436927,  0.00211809,  0.00436094
-0.0847892, -0.220126,  -0.0604187,  0.999022,  -0.0439794,  0.00210488,  0.00400602
-0.0864814, -0.221016,  -0.0616362,  0.999021,  -0.0440469,  0.00205516,  0.00364241
-0.0893511, -0.222736,  -0.0630806,  0.999005,  -0.0444162,  0.00212048,  0.0035094
-0.0904355, -0.224659,  -0.0644991,  0.99899,  -0.044759,  0.00205755,  0.00339222
-0.0924695, -0.226961,  -0.0660461,  0.998968,  -0.0452344,  0.002114,  0.00348622
-0.0949513, -0.230735,  -0.0682796,  0.998926,  -0.0461128,  0.00211475,  0.00388412
-0.0972567, -0.233862,  -0.0697704,  0.998888,  -0.0468964,  0.0021371,  0.00430547
-0.0989899, -0.238288,  -0.071505,  0.998831,  -0.0480154,  0.0021819,  0.00513204
-0.101338, -0.24021,  -0.0728864,  0.998809,  -0.0484119,  0.00225766,  0.00555334
-0.10313, -0.243004,  -0.0743227,  0.99877,  -0.0491785,  0.00222879,  0.00594472
-0.105545, -0.260941,  -0.076891,  0.998594,  -0.0526645,  0.00174002,  0.00576347
-0.10702, -0.263878,  -0.076216,  0.998577,  -0.0529992,  0.00168738,  0.00567094
-0.125313, -0.245067,  -0.0936835,  0.999216,  -0.0392058,  -0.000459319,  0.00546305
-0.127634, -0.249818,  -0.0945092,  0.999197,  -0.0397154,  -0.000484695,  0.00526514
-0.130423, -0.256561,  -0.0974155,  0.999158,  -0.0406985,  -0.000634867,  0.005143
-0.131883, -0.26184,  -0.099093,  0.999122,  -0.0415604,  -0.000674808,  0.00519785
-0.135415, -0.271105,  -0.100218,  0.999071,  -0.0428173,  -0.000735256,  0.00476678
-0.136887, -0.273092,  -0.101615,  0.999056,  -0.0431687,  -0.000774764,  0.00476365
-0.140393, -0.266079,  -0.104895,  0.99909,  -0.042374,  -0.00068349,  0.00486134
-0.141621, -0.269078,  -0.105011,  0.999069,  -0.0428718,  -0.000686335,  0.00476607
-0.145156, -0.269008,  -0.105665,  0.999076,  -0.0427509,  -0.00060899,  0.00448702
-0.147649, -0.26792,  -0.106202,  0.99908,  -0.0426429,  -0.000591027,  0.00456875
-0.149786, -0.266435,  -0.105825,  0.999085,  -0.0425103,  -0.000561709,  0.00469257
-0.151843, -0.262034,  -0.104588,  0.999113,  -0.0418517,  -0.000511355,  0.00463602
-0.153794, -0.260369,  -0.104645,  0.999126,  -0.0415516,  -0.0004566,  0.00453446
-0.15702, -0.259625,  -0.105829,  0.999133,  -0.0413752,  -0.000396223,  0.00453835
-0.159584, -0.260731,  -0.106668,  0.999125,  -0.0416047,  -0.000368372,  0.00436199
-0.160887, -0.261919,  -0.107048,  0.999117,  -0.0418,  -0.000389847,  0.00426471
-0.162363, -0.263851,  -0.107698,  0.999107,  -0.0420518,  -0.000441524,  0.00409241
-0.163734, -0.265369,  -0.108544,  0.999097,  -0.0422987,  -0.000446667,  0.00408351
-0.165772, -0.267489,  -0.109718,  0.999084,  -0.0425799,  -0.000479286,  0.004185
-0.168356, -0.269626,  -0.110283,  0.999064,  -0.0430363,  -0.00052053,  0.00427439
-0.170916, -0.273704,  -0.11213,  0.999038,  -0.0436158,  -0.000542534,  0.00444907
-0.172927, -0.276327,  -0.113654,  0.999019,  -0.044049,  -0.000563201,  0.0045946
-0.175782, -0.279369,  -0.115712,  0.999,  -0.0444431,  -0.000578278,  0.0047449
-0.178956, -0.282771,  -0.117538,  0.998978,  -0.044952,  -0.000589717,  0.00477391
-0.182506, -0.285338,  -0.118624,  0.998955,  -0.0454448,  -0.000585731,  0.00483987
-0.184706, -0.287986,  -0.120117,  0.998937,  -0.045823,  -0.000611509,  0.00491033
-0.186619, -0.290357,  -0.121301,  0.998918,  -0.0462274,  -0.000624051,  0.00497364
-0.190269, -0.293199,  -0.122652,  0.998899,  -0.0466356,  -0.000603769,  0.00498085
-0.192915, -0.296156,  -0.123911,  0.998881,  -0.0470219,  -0.000622126,  0.0049661
-0.195776, -0.297702,  -0.124732,  0.998867,  -0.0473133,  -0.000603258,  0.00499544
-0.198811, -0.299851,  -0.126589,  0.998849,  -0.047698,  -0.000612831,  0.00503842
-0.202068, -0.303242,  -0.128328,  0.998829,  -0.0481123,  -0.000584993,  0.0050195
-0.204208, -0.306616,  -0.129324,  0.998802,  -0.0486665,  -0.000622837,  0.00506938
-0.208229, -0.310131,  -0.131435,  0.998778,  -0.0491679,  -0.000620476,  0.00501444
-0.211684, -0.313796,  -0.13304,  0.998745,  -0.0498254,  -0.000632985,  0.00502703
-0.214906, -0.315071,  -0.134335,  0.998741,  -0.0499451,  -0.00060989,  0.00471076
-0.217853, -0.315422,  -0.134625,  0.998742,  -0.0499587,  -0.000548567,  0.00422818
-0.220817, -0.315714,  -0.13474,  0.998743,  -0.0499879,  -0.000465204,  0.00368792
-0.224567, -0.315485,  -0.1352,  0.998755,  -0.049803,  -0.000369639,  0.00270963
-0.228196, -0.314996,  -0.136724,  0.998773,  -0.0494767,  -0.000162476,  0.00201915
-0.235631, -0.308514,  -0.137097,  0.998862,  -0.0476996,  0.000370872,  8.92601e-06
-0.238276, -0.307127,  -0.137803,  0.998879,  -0.0473349,  0.000634349,  -0.000406119
-0.24955, -0.289947,  -0.138864,  0.99906,  -0.0432385,  0.00249407,  -0.0019224
-0.254001, -0.282396,  -0.13845,  0.999124,  -0.0416471,  0.00340684,  -0.00225194
-0.258483, -0.277229,  -0.139102,  0.999169,  -0.0404441,  0.00422504,  -0.00261363
-0.300115, -0.242614,  -0.140518,  0.999335,  -0.032366,  0.014511,  -0.00849985
-0.33241, -0.232487,  -0.140696,  0.999217,  -0.0302375,  0.0218662,  -0.0131676
-0.331835, -0.233196,  -0.140129,  0.999217,  -0.0305054,  0.0215834,  -0.0130175
-0.338011, -0.233428,  -0.136851,  0.999156,  -0.0310416,  0.0230412,  -0.0138958
-0.31389, -0.243194,  -0.155182,  0.999411,  -0.0300338,  0.0145342,  -0.00807292
-0.315074, -0.255169,  -0.166697,  0.999463,  -0.0300696,  0.0111875,  -0.00671007
-0.289211, -0.267627,  -0.185967,  0.999549,  -0.0299432,  0.0017158,  -0.00134649
-0.282728, -0.270653,  -0.190911,  0.999554,  -0.0298491,  -0.000684903,  -9.60848e-05
-0.281824, -0.273303,  -0.191846,  0.999542,  -0.0302444,  -0.00119189,  0.000309991
-0.258411, -0.288148,  -0.209965,  0.999464,  -0.0307705,  -0.00985995,  0.00521275
-0.25743, -0.290681,  -0.214168,  0.999444,  -0.0307353,  -0.0114712,  0.00602996
-0.258449, -0.292988,  -0.215267,  0.999433,  -0.0310531,  -0.011505,  0.00615548
-0.264926, -0.294732,  -0.215405,  0.999439,  -0.0313575,  -0.010407,  0.00550259
-0.272016, -0.295374,  -0.215945,  0.999451,  -0.0315102,  -0.00909901,  0.00460951
-0.285568, -0.297601,  -0.215228,  0.999465,  -0.0319853,  -0.00622667,  0.00265364
-0.299522, -0.298007,  -0.214301,  0.999474,  -0.032258,  -0.00314679,  0.000581809
-0.312393, -0.300109,  -0.213193,  0.999461,  -0.0328163,  -0.000308569,  -0.00128086
-0.324455, -0.300718,  -0.212326,  0.999447,  -0.0330499,  0.0022288,  -0.00298955
-0.339696, -0.30045,  -0.210978,  0.999426,  -0.0331367,  0.00507546,  -0.00487094
-0.345995, -0.299294,  -0.212111,  0.99943,  -0.0327886,  0.00596311,  -0.00537722
-0.348564, -0.298474,  -0.21473,  0.999448,  -0.032266,  0.00588031,  -0.0053233
-0.350751, -0.296643,  -0.217358,  0.999474,  -0.0315116,  0.00562716,  -0.00521291
-0.351271, -0.294743,  -0.2207,  0.999506,  -0.0306315,  0.00506511,  -0.00492478
-0.352974, -0.293685,  -0.223859,  0.999529,  -0.0299562,  0.00474559,  -0.00475053
-0.346429, -0.2919,  -0.236701,  0.99961,  -0.0277509,  0.00114769,  -0.00281637
-0.333065, -0.305587,  -0.241909,  0.999554,  -0.029761,  -0.00260662,  -0.000447306
-0.331293, -0.299168,  -0.228457,  0.999539,  -0.0303317,  -7.27525e-05,  -0.00156957
-0.316636, -0.297572,  -0.209385,  0.999464,  -0.0326612,  0.00166484,  -0.00154089
-0.294388, -0.280352,  -0.192347,  0.999497,  -0.0316713,  0.00145728,  -0.00114223
-0.261853, -0.27664,  -0.199099,  0.999533,  -0.029991,  -0.00526809,  0.00265641
-0.257285, -0.279886,  -0.1997,  0.99952,  -0.030556,  -0.00435412,  0.00256799
-0.246168, -0.28377,  -0.204619,  0.999508,  -0.0307078,  -0.0053954,  0.00338095
-0.23481, -0.286817,  -0.207067,  0.9995,  -0.0309037,  -0.00553863,  0.00377334
-0.214901, -0.294565,  -0.214897,  0.999468,  -0.0314858,  -0.00687711,  0.00499953
-0.21134, -0.326872,  -0.243412,  0.999421,  -0.033949,  0.00221835,  0.000377061
-0.198787, -0.339275,  -0.261227,  0.999414,  -0.0338876,  0.00471741,  -0.000406228
-0.178203, -0.348972,  -0.276563,  0.999423,  -0.0335762,  0.00520213,  -0.000300949
-0.16276, -0.356224,  -0.283009,  0.999409,  -0.034054,  0.00464921,  0.000355358
-0.134774, -0.360024,  -0.311041,  0.999496,  -0.0310226,  0.00667055,  -1.26202e-05
-0.11924, -0.366023,  -0.318968,  0.999488,  -0.0311446,  0.00737803,  1.70167e-05
-0.0794015, -0.373835,  -0.343638,  0.999557,  -0.0294248,  0.00215897,  0.00379654
-0.0981073, -0.370524,  -0.322477,  0.999467,  -0.0314977,  0.00850167,  0.000775189
-0.0676901, -0.377702,  -0.315001,  0.999399,  -0.0340438,  0.00559634,  0.00335203
-0.0483465, -0.378914,  -0.317358,  0.999398,  -0.0341053,  0.00456836,  0.00433859
-0.0437041, -0.37771,  -0.316051,  0.999387,  -0.0340876,  0.00733746,  0.00326551
-0.0260658, -0.376913,  -0.316397,  0.999385,  -0.0340751,  0.00755667,  0.00349817
-0.01312, -0.374996,  -0.31563,  0.999395,  -0.0339537,  0.00637729,  0.00395691
-0.00657982, -0.372549,  -0.314261,  0.999396,  -0.0338162,  0.00704529,  0.00379658
0.00702456, -0.367432,  -0.307221,  0.999391,  -0.0337234,  0.00811252,  0.00380603
0.0169086, -0.363979,  -0.303681,  0.99939,  -0.0336727,  0.00837324,  0.00387839
0.0225655, -0.363844,  -0.304428,  0.999396,  -0.0336172,  0.00785991,  0.00390699
0.0235391, -0.361245,  -0.300897,  0.999393,  -0.0334955,  0.00878857,  0.00390035
0.0254715, -0.36236,  -0.303609,  0.999402,  -0.0334919,  0.00773128,  0.00383376
0.0154092, -0.360647,  -0.301016,  0.999404,  -0.0334474,  0.00766502,  0.00371618
-0.0124376, -0.358286,  -0.298331,  0.999412,  -0.0333847,  0.00703544,  0.00353084
-0.036453, -0.357014,  -0.294279,  0.999419,  -0.0333626,  0.00613243,  0.00342696
-0.0515888, -0.354975,  -0.292755,  0.999429,  -0.0331527,  0.00552476,  0.00340957
-0.0799572, -0.356916,  -0.294407,  0.999431,  -0.0332659,  0.00459579,  0.00316056
-0.10048, -0.356369,  -0.293255,  0.999431,  -0.0333033,  0.00434187,  0.00310389
-0.119056, -0.354001,  -0.291952,  0.999436,  -0.0331618,  0.00419939,  0.0031019
-0.143061, -0.336974,  -0.30009,  0.999437,  -0.0326345,  0.00575835,  0.00525687
-0.1507, -0.338573,  -0.299216,  0.999442,  -0.0327275,  0.00481895,  0.0045869
-0.161363, -0.341825,  -0.292846,  0.999439,  -0.0328068,  0.00532024,  0.00415892
-0.160318, -0.352402,  -0.292492,  0.999437,  -0.0331792,  0.00401471,  0.00287745
-0.163497, -0.353434,  -0.290879,  0.999438,  -0.033203,  0.00366064,  0.00263747
-0.168544, -0.359194,  -0.29356,  0.999434,  -0.0334008,  0.00329199,  0.00222856
-0.171571, -0.360126,  -0.294261,  0.999435,  -0.0333872,  0.00321108,  0.00216552
-0.177191, -0.364251,  -0.299041,  0.999431,  -0.0335252,  0.00316708,  0.00198544
-0.181152, -0.366199,  -0.300955,  0.999427,  -0.0336322,  0.00315489,  0.00191218
-0.190152, -0.367809,  -0.301429,  0.999424,  -0.0337467,  0.00305709,  0.00186577
-0.192326, -0.3689,  -0.30211,  0.999424,  -0.0337444,  0.00293302,  0.00183909
-0.194377, -0.367905,  -0.300116,  0.999427,  -0.0336924,  0.00253745,  0.00180583
-0.195891, -0.367704,  -0.300214,  0.999425,  -0.0337371,  0.00276655,  0.00185664
-0.197759, -0.366672,  -0.299692,  0.999427,  -0.0336704,  0.00279464,  0.00193549
-0.199324, -0.365496,  -0.298625,  0.999428,  -0.033634,  0.00276038,  0.00197841
-0.200175, -0.363224,  -0.297283,  0.999435,  -0.0334764,  0.00227079,  0.00192057
-0.201498, -0.360415,  -0.29514,  0.99944,  -0.0333691,  0.0017584,  0.00195185
-0.201111, -0.355605,  -0.290297,  0.99945,  -0.0330897,  0.000861524,  0.00204779
-0.204268, -0.355007,  -0.290719,  0.999449,  -0.0330916,  0.00122678,  0.00210813
-0.206378, -0.354051,  -0.289761,  0.999449,  -0.0330927,  0.00137207,  0.0021558
-0.209208, -0.352899,  -0.289246,  0.999451,  -0.0330355,  0.00147265,  0.0021835
-0.210517, -0.347812,  -0.286134,  0.999462,  -0.0326811,  0.000871002,  0.00254403
-0.212634, -0.348317,  -0.2866,  0.99946,  -0.0327641,  0.00102184,  0.00242467
-0.215439, -0.347923,  -0.286343,  0.999463,  -0.0326609,  0.000801075,  0.00246141
-0.217762, -0.348302,  -0.286189,  0.999458,  -0.0328187,  0.000996663,  0.00235467
-0.221404, -0.348626,  -0.286327,  0.999459,  -0.0327943,  0.00115648,  0.00228693
-0.22603, -0.349099,  -0.286217,  0.999462,  -0.0327409,  0.00056921,  0.00203244
-0.228595, -0.349638,  -0.286972,  0.999459,  -0.0328163,  0.000581085,  0.00199382
-0.232111, -0.350357,  -0.287073,  0.999457,  -0.0328746,  0.000605598,  0.00197764
-0.235046, -0.350725,  -0.288118,  0.999459,  -0.0328329,  0.000557252,  0.00193864
-0.241496, -0.350864,  -0.289168,  0.999457,  -0.032874,  0.000661082,  0.00197598
-0.244257, -0.351292,  -0.288799,  0.999457,  -0.0329075,  0.000280535,  0.00186578
-0.246558, -0.351428,  -0.2885,  0.999458,  -0.0328702,  0.000234985,  0.00183996
-0.24885, -0.351497,  -0.288221,  0.999456,  -0.0329268,  0.000135939,  0.00177723
-0.251545, -0.351449,  -0.288281,  0.999457,  -0.0329011,  0.000119179,  0.00181021
-0.259918, -0.351463,  -0.290519,  0.99946,  -0.0328206,  0.000321773,  0.00182391
-0.261246, -0.352136,  -0.289246,  0.999457,  -0.0328974,  -0.000570264,  0.00161039
-0.263347, -0.352196,  -0.289818,  0.99946,  -0.0328065,  -0.000671329,  0.00163514
-0.265354, -0.352401,  -0.289619,  0.999459,  -0.0328417,  -0.000856741,  0.00154571
-0.268978, -0.35308,  -0.28882,  0.999457,  -0.0328985,  -0.00124489,  0.00132773
-0.273361, -0.353217,  -0.288862,  0.999458,  -0.0328707,  -0.00162156,  0.00115002
-0.276346, -0.353302,  -0.288715,  0.999455,  -0.0329467,  -0.00176118,  0.00106084
-0.280202, -0.353808,  -0.288769,  0.999454,  -0.0329807,  -0.0017153,  0.00102292
-0.283778, -0.353918,  -0.288812,  0.999453,  -0.0330184,  -0.00166871,  0.00103471
-0.287044, -0.353924,  -0.288797,  0.999455,  -0.0329547,  -0.00189089,  0.000914107
-0.290784, -0.353919,  -0.28942,  0.999456,  -0.0329028,  -0.00212387,  0.000825493
-0.294617, -0.35418,  -0.289723,  0.999457,  -0.0328758,  -0.00212126,  0.00077497
-0.296735, -0.353933,  -0.289389,  0.999453,  -0.0329528,  -0.00262463,  0.000642852
-0.300428, -0.353196,  -0.288991,  0.999456,  -0.03286,  -0.00278042,  0.000589923
-0.305799, -0.35269,  -0.28906,  0.999455,  -0.0328679,  -0.00297358,  0.000521623
-0.310116, -0.352426,  -0.289118,  0.999458,  -0.0327737,  -0.00296303,  0.000531403
-0.312977, -0.352683,  -0.288818,  0.999455,  -0.0328681,  -0.00302253,  0.000516552
-0.316208, -0.353134,  -0.289261,  0.999455,  -0.0328785,  -0.00282877,  0.000612063
-0.32012, -0.352604,  -0.288681,  0.999455,  -0.0328525,  -0.00311563,  0.00046319
-0.323284, -0.352558,  -0.288916,  0.999455,  -0.0328614,  -0.00296347,  0.000570544
-0.325247, -0.35262,  -0.28891,  0.999455,  -0.0328721,  -0.00290618,  0.000598083
-0.329814, -0.352269,  -0.288759,  0.999457,  -0.0327658,  -0.0034886,  0.00039548
-0.331339, -0.352656,  -0.288654,  0.999456,  -0.0328238,  -0.00323934,  0.000513939
-0.32689, -0.353035,  -0.289199,  0.999456,  -0.0328229,  -0.00303753,  0.000575649
-0.32101, -0.352724,  -0.289572,  0.999459,  -0.0327516,  -0.00289305,  0.000600362
-0.317159, -0.352072,  -0.290035,  0.999458,  -0.0328459,  -0.00214705,  0.000893007
-0.311114, -0.352433,  -0.290689,  0.999458,  -0.0328789,  -0.00111802,  0.00125701
-0.305069, -0.35255,  -0.289692,  0.999457,  -0.0329009,  -0.00137599,  0.00125146
-0.297034, -0.352406,  -0.289061,  0.999461,  -0.0327702,  -0.00194021,  0.000980169
-0.294464, -0.352879,  -0.288556,  0.999455,  -0.032946,  -0.00175475,  0.00108642
-0.295077, -0.35321,  -0.291188,  0.999456,  -0.0329505,  -6.54135e-05,  0.00152454
-0.292189, -0.353569,  -0.292366,  0.999455,  -0.0329674,  0.00034508,  0.00160624
-0.285424, -0.352766,  -0.290914,  0.999454,  -0.0330084,  -6.05672e-05,  0.0014873
-0.281775, -0.353112,  -0.289752,  0.999454,  -0.0329961,  -0.00028473,  0.00145667
-0.277451, -0.352972,  -0.288966,  0.999456,  -0.0329395,  -0.000544627,  0.00136003
-0.273708, -0.352923,  -0.288851,  0.999457,  -0.0329264,  -0.000659468,  0.00126736
-0.267978, -0.353312,  -0.290717,  0.999456,  -0.0329428,  -0.000156221,  0.00136117
-0.265725, -0.353476,  -0.289157,  0.999453,  -0.0330316,  -0.000460404,  0.00129175
-0.263375, -0.35336,  -0.289148,  0.999456,  -0.0329548,  -0.000510553,  0.00131122
-0.259458, -0.35353,  -0.28866,  0.999455,  -0.0329896,  -0.000519608,  0.00133632
-0.25548, -0.353449,  -0.288783,  0.999457,  -0.0329317,  -0.000531193,  0.00132959
-0.249969, -0.354226,  -0.290178,  0.999451,  -0.0330709,  0.000720389,  0.00162675
-0.232407, -0.354661,  -0.291031,  0.999449,  -0.0330927,  0.00160699,  0.00187482
-0.215038, -0.354325,  -0.290167,  0.999447,  -0.033119,  0.00193674,  0.00204036
-0.192473, -0.355089,  -0.290476,  0.999445,  -0.0331475,  0.00255538,  0.00221422
-0.177234, -0.355406,  -0.291246,  0.999444,  -0.0331342,  0.00291764,  0.00231064
-0.148598, -0.356231,  -0.290708,  0.999439,  -0.0332243,  0.00338852,  0.00236471
-0.136368, -0.355351,  -0.289217,  0.999438,  -0.0332322,  0.00356656,  0.00252408
-0.119251, -0.357105,  -0.291687,  0.999434,  -0.0333193,  0.00393933,  0.00260728
-0.108013, -0.357466,  -0.293021,  0.999435,  -0.0332548,  0.00412511,  0.0027207
-0.0859592, -0.357497,  -0.292777,  0.99943,  -0.0332937,  0.00476624,  0.00306546
-0.0718908, -0.35851,  -0.293933,  0.999424,  -0.0333671,  0.0053859,  0.00310756
-0.0455594, -0.357628,  -0.293455,  0.99942,  -0.0334024,  0.00578981,  0.00331661
-0.0424069, -0.357165,  -0.29273,  0.99942,  -0.0333671,  0.00586271,  0.00338686
-0.0365011, -0.357674,  -0.294189,  0.999424,  -0.0332903,  0.00571128,  0.0033725
-0.0231839, -0.356998,  -0.293998,  0.999418,  -0.03329,  0.00661767,  0.00346115
-0.0157302, -0.357663,  -0.295299,  0.999416,  -0.0333361,  0.00659579,  0.00352265
0.00269261, -0.356074,  -0.292967,  0.999413,  -0.0333505,  0.00692044,  0.00374083
0.0139945, -0.355927,  -0.292859,  0.99941,  -0.033302,  0.00740375,  0.0038943
0.0215246, -0.354702,  -0.29199,  0.999407,  -0.0332125,  0.00819511,  0.0040459
0.0330284, -0.355378,  -0.292456,  0.999404,  -0.0333337,  0.00802027,  0.00409751
0.0430604, -0.354839,  -0.292232,  0.999401,  -0.0333034,  0.00842643,  0.00411716
0.0530071, -0.35478,  -0.293231,  0.999402,  -0.0332617,  0.00845789,  0.00413555
0.0634987, -0.354754,  -0.293587,  0.999402,  -0.0332651,  0.00847952,  0.00414003
0.069197, -0.354503,  -0.292138,  0.999392,  -0.0332911,  0.00939517,  0.00439305
0.0714781, -0.3541,  -0.292085,  0.999394,  -0.0332505,  0.0092692,  0.00439809
0.0703357, -0.35545,  -0.293428,  0.99939,  -0.0333354,  0.00942222,  0.00437433
0.0700107, -0.355048,  -0.293775,  0.9994,  -0.0333371,  0.00843019,  0.00419667
0.0541026, -0.354361,  -0.29266,  0.999405,  -0.0331863,  0.00838449,  0.0041391
0.0386696, -0.354278,  -0.292125,  0.999407,  -0.0332626,  0.00797547,  0.00396363
-0.0043944, -0.354833,  -0.291715,  0.999422,  -0.0332547,  0.00615585,  0.00357169
-0.0296162, -0.353954,  -0.289471,  0.999426,  -0.0331683,  0.00602874,  0.00346666
-0.0463533, -0.354474,  -0.28915,  0.999432,  -0.033164,  0.00516597,  0.00317917
-0.0894718, -0.354285,  -0.288312,  0.999437,  -0.0331387,  0.00433683,  0.00288198
-0.109136, -0.355657,  -0.289586,  0.999437,  -0.0332145,  0.00387125,  0.00257372
-0.127251, -0.355281,  -0.289407,  0.999442,  -0.0331271,  0.00344829,  0.00237759
-0.155145, -0.354759,  -0.288752,  0.999446,  -0.0331,  0.00275464,  0.00217638
-0.18621, -0.355334,  -0.289078,  0.999448,  -0.0331225,  0.00195167,  0.00187508
-0.197957, -0.354466,  -0.288374,  0.99945,  -0.0330741,  0.00158656,  0.00174611
-0.206484, -0.353728,  -0.287266,  0.999452,  -0.0330478,  0.000873795,  0.00154602
-0.216863, -0.354519,  -0.287881,  0.999452,  -0.0330665,  0.00051669,  0.00144545
-0.230486, -0.354848,  -0.288502,  0.999453,  -0.0330277,  0.000706683,  0.00139551
-0.235017, -0.354892,  -0.28927,  0.999453,  -0.0330494,  0.000482675,  0.00139298
-0.247177, -0.354503,  -0.288357,  0.999455,  -0.0330007,  -0.000601931,  0.00111751
-0.254702, -0.354569,  -0.288138,  0.999454,  -0.0330269,  -0.000743943,  0.00100844
-0.274604, -0.355195,  -0.289129,  0.999454,  -0.0330179,  -0.00132539,  0.000809106
-0.285273, -0.35351,  -0.287157,  0.999455,  -0.0329531,  -0.00181968,  0.00074584
-0.298604, -0.353819,  -0.288574,  0.999457,  -0.0328778,  -0.00225395,  0.000546225
-0.301078, -0.353946,  -0.288354,  0.999456,  -0.0328995,  -0.00199689,  0.000685091
-0.312551, -0.352465,  -0.286787,  0.999456,  -0.0328579,  -0.00291883,  0.000483058
-0.32279, -0.353324,  -0.28775,  0.999456,  -0.0328313,  -0.00317851,  0.000322201
-0.323276, -0.354829,  -0.288483,  0.999453,  -0.0329335,  -0.00287339,  0.000469677
-0.323318, -0.356037,  -0.289728,  0.999453,  -0.0329538,  -0.00274049,  0.000463555
-0.322954, -0.356754,  -0.290022,  0.999451,  -0.0330078,  -0.00272455,  0.000472357
-0.323422, -0.357218,  -0.290841,  0.999452,  -0.0330014,  -0.00266392,  0.000451257
-0.32414, -0.357431,  -0.291282,  0.999451,  -0.0330109,  -0.00269675,  0.000446745
-0.325274, -0.357617,  -0.29121,  0.999449,  -0.0330733,  -0.00273891,  0.000410586
-0.326458, -0.357404,  -0.290726,  0.999449,  -0.0330644,  -0.00277515,  0.000358389
-0.326003, -0.35715,  -0.2909,  0.999452,  -0.0329836,  -0.00280219,  0.000351098
-0.324311, -0.357253,  -0.290498,  0.999451,  -0.0330227,  -0.00282854,  0.000432006
-0.322805, -0.356558,  -0.289623,  0.999451,  -0.0330053,  -0.00284183,  0.000512009
-0.322492, -0.35624,  -0.289636,  0.999455,  -0.0329046,  -0.00270726,  0.000644514
-0.321452, -0.355801,  -0.289198,  0.999454,  -0.0329182,  -0.00281018,  0.000573882
-0.320869, -0.355866,  -0.288815,  0.999452,  -0.0329618,  -0.00290906,  0.000559668
-0.320423, -0.35586,  -0.288365,  0.99945,  -0.0330128,  -0.00298206,  0.000563632
-0.320615, -0.355544,  -0.288837,  0.999454,  -0.0329153,  -0.00293372,  0.000569795
-0.320306, -0.355638,  -0.288618,  0.999453,  -0.0329394,  -0.0028782,  0.000593391
-0.319658, -0.355372,  -0.288668,  0.999454,  -0.0329103,  -0.0028951,  0.000634502
-0.319192, -0.355421,  -0.288898,  0.999455,  -0.0328685,  -0.00284,  0.000618061
-0.31837, -0.355709,  -0.288409,  0.999453,  -0.0329596,  -0.00278647,  0.00064071
-0.317182, -0.355569,  -0.288192,  0.999453,  -0.0329422,  -0.00279934,  0.000675583
-0.316163, -0.355548,  -0.288368,  0.999454,  -0.032915,  -0.00282313,  0.000671125
-0.312841, -0.355274,  -0.288658,  0.999453,  -0.0329341,  -0.00280712,  0.000651019
-0.303122, -0.355564,  -0.289416,  0.999454,  -0.0329673,  -0.00223757,  0.000714948
-0.300938, -0.355495,  -0.28837,  0.999454,  -0.0329603,  -0.00211723,  0.000810849
-0.298888, -0.355354,  -0.288118,  0.999455,  -0.0329445,  -0.00211286,  0.000809585
-0.299016, -0.355108,  -0.288339,  0.999456,  -0.0329016,  -0.00211385,  0.000795448
-0.300273, -0.355502,  -0.287889,  0.999453,  -0.0329875,  -0.00207449,  0.000740389
-0.301332, -0.355848,  -0.28833,  0.999455,  -0.0329555,  -0.00198169,  0.000675727
-0.300601, -0.356119,  -0.288533,  0.999453,  -0.0330175,  -0.0019593,  0.000725145
-0.29888, -0.355905,  -0.288288,  0.999454,  -0.0329682,  -0.00200907,  0.000709383
-0.299058, -0.355723,  -0.288107,  0.999454,  -0.0329771,  -0.00210066,  0.000665192
-0.310074, -0.352627,  -0.286248,  0.999459,  -0.0327583,  -0.0028627,  0.000640952
-0.30794, -0.352967,  -0.285298,  0.999457,  -0.0328409,  -0.00258445,  0.000789477
-0.296944, -0.352653,  -0.28533,  0.999461,  -0.0327794,  -0.00160004,  0.00100999
-0.292407, -0.353049,  -0.28513,  0.999458,  -0.0328521,  -0.00178904,  0.00100697
-0.281492, -0.352674,  -0.285034,  0.99946,  -0.032819,  -0.00071927,  0.00134009
-0.276329, -0.352741,  -0.284803,  0.999463,  -0.0327247,  -0.000622303,  0.00129209
-0.26053, -0.353362,  -0.285082,  0.999457,  -0.0329064,  0.000124272,  0.00150427
-0.248598, -0.353401,  -0.284829,  0.999455,  -0.0329676,  0.000462261,  0.00152554
-0.242405, -0.353593,  -0.285096,  0.999456,  -0.0329455,  -6.298e-05,  0.00150699
-0.237374, -0.354631,  -0.28748,  0.999458,  -0.0328768,  0.000720701,  0.00153147
-0.215101, -0.358168,  -0.290422,  0.999449,  -0.0330755,  0.00218315,  0.00180854
-0.210124, -0.358002,  -0.289668,  0.999445,  -0.0332268,  0.00172473,  0.0017882
-0.207672, -0.357572,  -0.289275,  0.999447,  -0.0331668,  0.00139208,  0.00175126
-0.208201, -0.358239,  -0.289566,  0.999445,  -0.0332412,  0.0013198,  0.00162317
-0.199462, -0.359672,  -0.289463,  0.999442,  -0.0332612,  0.00241608,  0.00198757
-0.183049, -0.360889,  -0.2909,  0.99944,  -0.0332576,  0.00283909,  0.00221534
-0.178295, -0.360237,  -0.290589,  0.999439,  -0.0333074,  0.00265206,  0.0021442
-0.123003, -0.360208,  -0.291098,  0.999433,  -0.0333645,  0.0039394,  0.00243655
-0.0899099, -0.359172,  -0.291117,  0.999432,  -0.0332834,  0.00447257,  0.00272746
-0.0876783, -0.358252,  -0.290354,  0.99943,  -0.0333359,  0.00460147,  0.0027767
-0.0637618, -0.360114,  -0.291884,  0.999425,  -0.0334316,  0.00488357,  0.00278994
-0.0607019, -0.358504,  -0.291239,  0.999427,  -0.0333462,  0.005111,  0.00291939
0.0125834, -0.357435,  -0.293359,  0.99942,  -0.0332993,  0.00625313,  0.00342033
0.0134153, -0.357157,  -0.291905,  0.999414,  -0.0333371,  0.00693411,  0.00359129
0.0470848, -0.356276,  -0.292513,  0.999411,  -0.0332881,  0.00739344,  0.00374107
0.0777379, -0.354519,  -0.292717,  0.999405,  -0.0331732,  0.00846714,  0.00409035
0.098267, -0.354565,  -0.292307,  0.999395,  -0.0332545,  0.00924152,  0.00434417
0.116065, -0.354012,  -0.292466,  0.999394,  -0.0331939,  0.00933437,  0.00467734
0.130603, -0.3545,  -0.293153,  0.99939,  -0.0332996,  0.00944097,  0.00462934
0.129687, -0.354017,  -0.291784,  0.99938,  -0.0332769,  0.0104302,  0.0048371
0.135168, -0.353715,  -0.291953,  0.999386,  -0.0331912,  0.0101265,  0.00475254
0.131977, -0.353483,  -0.29097,  0.999378,  -0.0331887,  0.0108727,  0.00489586
0.128924, -0.353226,  -0.290374,  0.999375,  -0.0331922,  0.0111389,  0.00487889
0.130364, -0.352373,  -0.289469,  0.999374,  -0.0331602,  0.0113005,  0.00489629
0.140517, -0.351974,  -0.289637,  0.999387,  -0.0330795,  0.0104675,  0.00475807
0.137972, -0.351534,  -0.28882,  0.999377,  -0.0331219,  0.0111334,  0.00495137
0.136253, -0.350628,  -0.28748,  0.999374,  -0.0330832,  0.0114643,  0.0051334
0.134613, -0.350456,  -0.287098,  0.999371,  -0.0330369,  0.0117827,  0.00515538
0.133532, -0.350344,  -0.287305,  0.999371,  -0.0329998,  0.011983,  0.00508897
0.131793, -0.352235,  -0.287998,  0.999376,  -0.0331329,  0.0112653,  0.00473118
0.130014, -0.351389,  -0.287641,  0.999375,  -0.0330694,  0.0114934,  0.00491057
0.127241, -0.350594,  -0.287014,  0.999375,  -0.0330014,  0.0116611,  0.00496719
0.125724, -0.350509,  -0.287052,  0.999373,  -0.0330142,  0.0117943,  0.00502329
0.125398, -0.35026,  -0.286526,  0.999371,  -0.0330209,  0.0118985,  0.00505929
0.125065, -0.350031,  -0.286137,  0.99937,  -0.0330248,  0.0120322,  0.00501465
0.125049, -0.349949,  -0.28635,  0.999371,  -0.0329797,  0.0120676,  0.00501014
0.124553, -0.349211,  -0.285624,  0.999373,  -0.0329561,  0.0119156,  0.0049881
0.123419, -0.348639,  -0.284772,  0.999375,  -0.0329236,  0.0118447,  0.00497856
0.117348, -0.349571,  -0.285043,  0.999387,  -0.0328947,  0.0110793,  0.00465127
0.114619, -0.349846,  -0.285453,  0.999382,  -0.0329457,  0.0113628,  0.00469031
0.112376, -0.350332,  -0.285919,  0.99938,  -0.0329604,  0.0114907,  0.00470341
0.111015, -0.350874,  -0.286026,  0.999377,  -0.0330643,  0.0114226,  0.00472005
0.109545, -0.350582,  -0.285976,  0.99938,  -0.0330051,  0.0113302,  0.00474509
0.107982, -0.350169,  -0.285436,  0.999381,  -0.0330012,  0.0112442,  0.00472551
0.106633, -0.349395,  -0.284647,  0.999383,  -0.0329411,  0.0111784,  0.00479746
0.105819, -0.348158,  -0.283643,  0.999387,  -0.0328549,  0.0110625,  0.004807
0.104913, -0.34718,  -0.282832,  0.99939,  -0.0327844,  0.010997,  0.00480979
0.10394, -0.346501,  -0.281838,  0.999392,  -0.0327637,  0.0109026,  0.00487575
0.103062, -0.346834,  -0.281231,  0.999389,  -0.0328596,  0.0108842,  0.00491907
0.102827, -0.346262,  -0.280595,  0.999392,  -0.0328072,  0.0107214,  0.0049474
0.102342, -0.345436,  -0.279538,  0.999394,  -0.0327592,  0.0107112,  0.00496014
0.10344, -0.344331,  -0.278573,  0.999399,  -0.0326812,  0.0104161,  0.00506933
0.103076, -0.344201,  -0.278094,  0.999399,  -0.032693,  0.0102895,  0.00514915
0.102219, -0.343894,  -0.277728,  0.999399,  -0.0326905,  0.0103157,  0.00507426
0.10158, -0.343434,  -0.277639,  0.999402,  -0.0326126,  0.0103084,  0.00501206
0.10087, -0.34343,  -0.277129,  0.999401,  -0.0326868,  0.0101845,  0.00502588
0.101113, -0.343383,  -0.277032,  0.999402,  -0.0326766,  0.0100431,  0.00511615
0.101102, -0.343444,  -0.276602,  0.999401,  -0.0327223,  0.0100319,  0.00511586
0.108276, -0.344486,  -0.278456,  0.999411,  -0.0326553,  0.00925287,  0.00515246
0.104977, -0.344121,  -0.277477,  0.999404,  -0.0327215,  0.00982874,  0.00501349
0.119937, -0.341999,  -0.277142,  0.999392,  -0.0327345,  0.0106809,  0.00555835
0.1195, -0.340916,  -0.2755,  0.999398,  -0.0326165,  0.0104764,  0.00543312
0.119068, -0.340253,  -0.274273,  0.999402,  -0.0326158,  0.0100841,  0.00547395
0.119754, -0.339394,  -0.273252,  0.999406,  -0.0325263,  0.00994087,  0.0055905
0.118855, -0.338403,  -0.271472,  0.999407,  -0.0325164,  0.00988994,  0.00555338
0.116148, -0.338252,  -0.271519,  0.999411,  -0.0324568,  0.00978884,  0.00535926
0.11623, -0.337617,  -0.271344,  0.999414,  -0.0323676,  0.00969348,  0.0055117
0.115654, -0.336738,  -0.269414,  0.999413,  -0.0324499,  0.00952543,  0.00554497
0.11578, -0.334936,  -0.267891,  0.999419,  -0.0323071,  0.00932848,  0.00562133
0.0518987, -0.320885,  -0.252051,  0.99947,  -0.0314686,  0.00638218,  0.00536904
0.0511926, -0.319263,  -0.250591,  0.999472,  -0.0313625,  0.00652592,  0.00542293
0.0495025, -0.318811,  -0.249862,  0.999474,  -0.0313203,  0.00633859,  0.00543943
0.0478843, -0.318698,  -0.248742,  0.999473,  -0.0313861,  0.00630626,  0.00541453
0.047222, -0.318192,  -0.248217,  0.999473,  -0.031374,  0.00621147,  0.00548789
0.0422462, -0.315883,  -0.246259,  0.999478,  -0.0312244,  0.00628077,  0.00537354
0.0416805, -0.313615,  -0.243059,  0.999482,  -0.0311342,  0.00607586,  0.00544975
0.0429249, -0.310566,  -0.239726,  0.999488,  -0.0309488,  0.00574043,  0.00567565
0.0429972, -0.307055,  -0.235596,  0.999492,  -0.0308428,  0.00562127,  0.00575397
0.0392448, -0.299535,  -0.227828,  0.999506,  -0.0304528,  0.00526696,  0.0057921
0.0383699, -0.293869,  -0.221409,  0.999514,  -0.0301324,  0.00530752,  0.00591535
0.0344439, -0.292359,  -0.218154,  0.999519,  -0.0300372,  0.00498923,  0.00582287
0.0302677, -0.280989,  -0.208638,  0.99954,  -0.0294092,  0.00467767,  0.00580767
0.0299794, -0.279864,  -0.206932,  0.999541,  -0.0293241,  0.00458684,  0.0059979
0.0323509, -0.277754,  -0.204487,  0.99954,  -0.029313,  0.00466718,  0.00620697
0.033078, -0.275565,  -0.20193,  0.999544,  -0.0291779,  0.0046446,  0.00624329
0.033843, -0.273627,  -0.199337,  0.999547,  -0.0290942,  0.00448069,  0.00619191
0.0332744, -0.272706,  -0.199173,  0.999551,  -0.0289757,  0.00453032,  0.00619407
0.0331315, -0.270583,  -0.19676,  0.999554,  -0.0288509,  0.00456155,  0.00623828
0.0333322, -0.268953,  -0.194963,  0.999558,  -0.028707,  0.00457266,  0.00623444
0.033385, -0.268342,  -0.194558,  0.999558,  -0.0287072,  0.0045712,  0.00620242
0.0332053, -0.267839,  -0.194338,  0.999559,  -0.0286871,  0.00456234,  0.00616503
0.032798, -0.26752,  -0.19407,  0.999559,  -0.0286937,  0.00459835,  0.00613652
0.0325338, -0.267112,  -0.193832,  0.99956,  -0.0286505,  0.00459313,  0.00615485
0.0284279, -0.266842,  -0.190611,  0.999563,  -0.028632,  0.00418723,  0.00607993
0.0278507, -0.266162,  -0.189523,  0.999562,  -0.0286729,  0.00418447,  0.00608533
0.0270669, -0.264911,  -0.189362,  0.999568,  -0.0284612,  0.00417368,  0.00607387
0.0263981, -0.264152,  -0.188762,  0.999569,  -0.0284144,  0.00417141,  0.00604997
0.0259804, -0.263817,  -0.188176,  0.999568,  -0.0284458,  0.00415412,  0.00603798
0.0256258, -0.262786,  -0.18826,  0.999572,  -0.0283371,  0.00421129,  0.00597751
0.0249519, -0.261916,  -0.187222,  0.999571,  -0.0283615,  0.00431025,  0.00592371
0.0241572, -0.261338,  -0.185612,  0.999571,  -0.0283319,  0.00432634,  0.00595893
0.0234075, -0.260022,  -0.184153,  0.999576,  -0.0281714,  0.00430074,  0.00593147
0.0231455, -0.259589,  -0.183625,  0.999578,  -0.0281261,  0.00427014,  0.00590909
0.023054, -0.259722,  -0.184111,  0.999575,  -0.0282339,  0.00417087,  0.0059444
0.0234425, -0.259728,  -0.183786,  0.999573,  -0.0282907,  0.00404789,  0.00601696
0.023595, -0.259947,  -0.183732,  0.999572,  -0.0283249,  0.00404354,  0.00610546
0.0245054, -0.259477,  -0.183103,  0.999573,  -0.0282793,  0.00402391,  0.00619608
0.0239708, -0.260007,  -0.183597,  0.999571,  -0.0283403,  0.00415169,  0.00619657
0.0229547, -0.259878,  -0.184103,  0.999574,  -0.0282095,  0.00429637,  0.00609202
0.0218235, -0.259684,  -0.183905,  0.999575,  -0.028176,  0.00446334,  0.00592744
0.0209407, -0.259918,  -0.182851,  0.999572,  -0.0283083,  0.00438879,  0.00587407
0.0198417, -0.259511,  -0.182829,  0.999575,  -0.0282748,  0.00411835,  0.00581749
0.0184958, -0.258494,  -0.182577,  0.999578,  -0.0281356,  0.00415564,  0.00587868
0.0182933, -0.257382,  -0.180504,  0.999575,  -0.0282008,  0.00416467,  0.00601999
0.0179153, -0.255966,  -0.17904,  0.999578,  -0.0281385,  0.00416414,  0.00597384
0.0182386, -0.2538,  -0.176856,  0.999581,  -0.0280238,  0.00396183,  0.00599496
0.0182364, -0.251013,  -0.174405,  0.999587,  -0.0278141,  0.00394141,  0.00601393
0.0172631, -0.249138,  -0.172749,  0.999591,  -0.0276606,  0.00413429,  0.00590122
0.0179503, -0.248637,  -0.171275,  0.999589,  -0.0277385,  0.00398939,  0.00606558
0.0169413, -0.247451,  -0.17026,  0.999594,  -0.0275628,  0.00398771,  0.00603204
-0.00304294, -0.238573,  -0.163059,  0.999616,  -0.0268895,  0.00409321,  0.00532168
0.00636666, -0.234957,  -0.157823,  0.999614,  -0.0268943,  0.0034374,  0.00613119
0.00594659, -0.233809,  -0.155883,  0.999615,  -0.0268506,  0.00357486,  0.00595679
0.00463451, -0.23032,  -0.152529,  0.999624,  -0.0265691,  0.00370078,  0.00568969
0.00407429, -0.226359,  -0.148327,  0.999632,  -0.0262903,  0.0036819,  0.00555122
0.00423093, -0.221958,  -0.143925,  0.99964,  -0.0259721,  0.00359248,  0.00568485
0.00181108, -0.219926,  -0.141909,  0.999644,  -0.0258468,  0.00347244,  0.00568751
0.0022822, -0.216906,  -0.138626,  0.99965,  -0.0255868,  0.00360489,  0.00566252
0.000916659, -0.213863,  -0.135531,  0.999657,  -0.0253239,  0.00373605,  0.00546348
0.00255197, -0.211143,  -0.132201,  0.999662,  -0.0251405,  0.00364148,  0.00555497
0.00281346, -0.208271,  -0.129739,  0.999669,  -0.0248565,  0.00378803,  0.00548869
0.00340138, -0.204454,  -0.126548,  0.99968,  -0.0244262,  0.00383316,  0.00534122
0.0034191, -0.201366,  -0.123846,  0.999686,  -0.0241818,  0.0038775,  0.00524669
0.00067582, -0.198065,  -0.121563,  0.999696,  -0.0237741,  0.00386444,  0.00521061
-0.00320887, -0.194206,  -0.118802,  0.999708,  -0.0233369,  0.00411004,  0.00479176
-0.0034651, -0.188798,  -0.113735,  0.999718,  -0.0228779,  0.00428084,  0.0046545
-0.00266273, -0.183311,  -0.107222,  0.999725,  -0.0225312,  0.00432457,  0.0048792
-3.61265e-05, -0.177492,  -0.103208,  0.99974,  -0.0218779,  0.00427331,  0.00489223
0.00233397, -0.171363,  -0.0992515,  0.999757,  -0.02112,  0.00421097,  0.0048115
0.00365599, -0.165871,  -0.0956489,  0.999772,  -0.0203932,  0.0043121,  0.00453118
0.0037624, -0.158894,  -0.0912746,  0.999792,  -0.0194431,  0.00446243,  0.00424471
0.0023151, -0.150737,  -0.0874736,  0.999817,  -0.0181248,  0.00480575,  0.00378254
0.000593502, -0.143466,  -0.0853062,  0.999841,  -0.0167676,  0.00504872,  0.00327083
-0.00453746, -0.135017,  -0.0835644,  0.999868,  -0.0150399,  0.00554781,  0.00251737
-0.00553736, -0.124529,  -0.0820467,  0.999899,  -0.0128497,  0.00580829,  0.00175296
0.0479912, -0.141168,  -0.08282,  0.999821,  -0.0174541,  0.00570698,  0.00455953
0.0631527, -0.137103,  -0.0815308,  0.99983,  -0.0167324,  0.00578333,  0.00511995
0.073512, -0.135778,  -0.0801071,  0.99983,  -0.0166717,  0.00565746,  0.00554033
0.0906857, -0.131631,  -0.0795373,  0.999834,  -0.0158699,  0.00540514,  0.00720047
0.100069, -0.123598,  -0.0410323,  0.999723,  -0.0209402,  0.00953674,  0.00503354
0.108914, -0.122965,  -0.0419906,  0.999718,  -0.0207063,  0.0103009,  0.00535795
0.152045, -0.114173,  -0.0400446,  0.999775,  -0.0190231,  0.00258368,  0.00901871
0.171921, -0.109362,  -0.0400523,  0.999784,  -0.0180487,  0.00197662,  0.0101295
0.194356, -0.104745,  -0.0389987,  0.999784,  -0.0172564,  0.000466612,  0.0115381
0.221674, -0.0983303,  -0.0371904,  0.99978,  -0.016165,  -0.00125881,  0.0133149
0.227973, -0.0958331,  -0.0373554,  0.999779,  -0.0156335,  -0.0017489,  0.0139142
0.240431, -0.0928728,  -0.0351825,  0.999768,  -0.0153469,  -0.00302778,  0.0148301
0.246282, -0.0902718,  -0.0342172,  0.999761,  -0.0149821,  -0.00364911,  0.0154658
0.255924, -0.0866483,  -0.0333756,  0.999758,  -0.0143948,  -0.00427497,  0.0160759
0.274089, -0.080014,  -0.0294486,  0.999751,  -0.0135909,  -0.0050646,  0.0169825
0.304482, -0.0675331,  -0.0227883,  0.999755,  -0.0120191,  -0.00681226,  0.0172848
0.317456, -0.0620181,  -0.0188021,  0.999783,  -0.0116154,  -0.00572363,  0.0163081
0.325128, -0.0583068,  -0.0162742,  0.999792,  -0.0114233,  -0.00560618,  0.0159629
0.334608, -0.0492588,  -0.0125117,  0.999831,  -0.0101941,  -0.00375092,  0.0148436
0.341658, -0.044517,  -0.00918147,  0.999851,  -0.00990473,  -0.00241619,  0.0139595
0.345085, -0.041368,  -0.00739351,  0.999866,  -0.00970395,  -0.00133949,  0.0131222
0.353282, -0.034447,  -0.00622529,  0.999886,  -0.00904045,  -0.000740497,  0.0120318
0.360576, -0.0252004,  -0.00366572,  0.999896,  -0.00744842,  -0.00121986,  0.0122501
0.381556, -0.0185523,  -0.00219335,  0.999885,  -0.00729409,  -0.00463285,  0.0124792
0.391155, -0.00817601,  0.00351072,  0.999874,  -0.00531307,  -0.00597523,  0.0137073
0.398648, -0.00386616,  0.00476862,  0.999875,  -0.00502977,  -0.00615602,  0.0136911
0.417803, 0.0180404,  0.016798,  0.999819,  -0.000769048,  -0.00865902,  0.0169181
0.424381, 0.0235399,  0.0197902,  0.999794,  2.34871e-05,  -0.00980427,  0.0177509
0.431454, 0.0158916,  0.0146299,  0.999831,  -0.00373004,  -0.00723572,  0.0165066
0.438868, 0.0209336,  0.0167377,  0.999812,  -0.00318569,  -0.00736929,  0.0176743
0.452584, 0.0333744,  0.0217749,  0.999753,  -0.00150804,  -0.00811584,  0.0206372
0.458608, 0.0315894,  0.0215076,  0.999712,  -0.00265137,  -0.00791303,  0.0225094
0.465212, 0.0369238,  0.0245429,  0.999581,  -0.00248086,  -0.00717998,  0.0279134
0.466822, 0.0390679,  0.0260236,  0.999537,  -0.00239242,  -0.00655442,  0.0296019
0.474516, 0.0452667,  0.0302904,  0.999467,  -0.00179084,  -0.00575127,  0.0320785
0.48348, 0.0541522,  0.033682,  0.999443,  -0.00028567,  -0.00649627,  0.0327468
0.485024, 0.0541784,  0.0346436,  0.999451,  -0.000402024,  -0.00631192,  0.0325302
0.490065, 0.059395,  0.0365247,  0.999456,  0.000289671,  -0.00648982,  0.0323467
0.497508, 0.0635304,  0.0406539,  0.999493,  0.000652603,  -0.00683819,  0.031102
0.499193, 0.0642059,  0.0414682,  0.999508,  0.000601831,  -0.00673631,  0.0306342
0.509893, 0.0713132,  0.0456463,  0.999536,  0.0014777,  -0.00800072,  0.0293547
0.516702, 0.0724219,  0.0537205,  0.999531,  0.000988493,  -0.00858596,  0.0293913
0.5169, 0.0734981,  0.054184,  0.999518,  0.00121402,  -0.0084863,  0.0298256
0.517917, 0.0732144,  0.0557677,  0.999479,  0.00129947,  -0.00862089,  0.0310894
0.512817, 0.0731144,  0.0600553,  0.999444,  0.0012848,  -0.00722312,  0.0325271
0.511041, 0.0762819,  0.0645442,  0.999446,  0.00157855,  -0.00681279,  0.0325395
0.515675, 0.0786745,  0.0648963,  0.999464,  0.00194029,  -0.00775352,  0.031735
0.514161, 0.081635,  0.0687071,  0.999522,  0.00165466,  -0.00719275,  0.0300253
0.510293, 0.08687,  0.0742626,  0.9996,  0.0014052,  -0.00609149,  0.0275831
0.506744, 0.0952281,  0.079185,  0.999643,  0.00219758,  -0.00535976,  0.0260785
0.518059, 0.106414,  0.0634795,  0.999619,  0.0059917,  -0.00856062,  0.0255354
0.501253, 0.115507,  0.0527331,  0.99967,  0.00712637,  -0.00766377,  0.0234396
0.478295, 0.112663,  0.0274285,  0.999687,  0.00739021,  -0.00796445,  0.0225474
0.452731, 0.109311,  0.0129379,  0.99973,  0.00600057,  -0.00740812,  0.0211722
0.417696, 0.103829,  -0.00177818,  0.99981,  0.00386626,  -0.00605718,  0.0180982
0.380007, 0.100489,  -0.0196342,  0.999872,  0.00311547,  -0.00509159,  0.0148333
0.32917, 0.0795296,  -0.0591079,  0.999919,  -0.00249561,  -0.00563706,  0.0111037
0.280618, 0.0675015,  -0.10511,  0.999898,  -0.00582559,  -0.00597976,  0.0116127
0.202154, 0.0626703,  -0.167395,  0.99992,  -0.00894068,  -0.00606266,  0.00655524
0.1469, 0.0483375,  -0.209908,  0.999884,  -0.0132803,  -0.00722506,  -0.00184455
0.131466, 0.0455644,  -0.230634,  0.999824,  -0.0153894,  -0.00890929,  -0.00590344
0.126672, 0.0489176,  -0.241378,  0.999807,  -0.0154464,  -0.00999766,  -0.00687105
0.114839, 0.0428893,  -0.270037,  0.999661,  -0.0178341,  -0.0144082,  -0.012329
0.115843, 0.0433296,  -0.273439,  0.999645,  -0.0174889,  -0.0152239,  -0.0131209
0.0660555, 0.0179682,  -0.294117,  0.999691,  -0.0227484,  -0.00650973,  -0.00759757
0.0620867, 0.0166485,  -0.293704,  0.999693,  -0.0229218,  -0.00589904,  -0.00730494
0.00880009, 0.017116,  -0.284684,  0.999748,  -0.0220494,  0.004276,  9.54192e-05
-0.0551984, 0.0165444,  -0.291124,  0.999694,  -0.0224756,  0.0101956,  0.00193477
-0.0703777, 0.0151237,  -0.29049,  0.999692,  -0.0226642,  0.0100168,  0.0016308
-0.11875, 0.0160849,  -0.294996,  0.999694,  -0.0227206,  0.00974355,  0.000826858
-0.170383, 0.01823,  -0.298043,  0.999692,  -0.0229388,  0.00949534,  0.000315318
-0.201326, 0.0209412,  -0.301216,  0.999694,  -0.0228912,  0.00940193,  0.000130886
-0.225455, 0.0212922,  -0.308678,  0.999692,  -0.0230122,  0.00927903,  -0.00030333
-0.256694, 0.0194664,  -0.313398,  0.999683,  -0.0234148,  0.00917702,  -0.00112133
-0.271757, 0.0170031,  -0.31171,  0.999679,  -0.023552,  0.00927604,  -0.0010158
-0.271209, 0.0179637,  -0.307993,  0.999681,  -0.0234864,  0.00922435,  -0.00102868
-0.269728, 0.0171074,  -0.304986,  0.999681,  -0.0235078,  0.00920832,  -0.00113541
-0.267637, 0.0159789,  -0.302287,  0.999681,  -0.0234885,  0.00927281,  -0.000974378
-0.294794, 0.0125254,  -0.31933,  0.999646,  -0.0249209,  0.00867253,  -0.00350519
-0.322108, 0.00964658,  -0.336729,  0.999574,  -0.026924,  0.00720129,  -0.00861127
-0.34586, 0.0211044,  -0.302821,  0.999635,  -0.0251345,  0.00790268,  -0.00602494
-0.392919, 0.026504,  -0.28937,  0.999575,  -0.0268848,  0.00765702,  -0.00828849
-0.433751, 0.0581115,  -0.270804,  0.999631,  -0.023962,  0.00645981,  -0.0110036
-0.461002, 0.0717414,  -0.271381,  0.999557,  -0.0242644,  0.00590976,  -0.0161984
-0.464154, 0.0778384,  -0.274802,  0.99952,  -0.0240158,  0.00521176,  -0.0188533
-0.465599, 0.0795176,  -0.279808,  0.999478,  -0.0242317,  0.00456986,  -0.0208731
-0.460535, 0.0837356,  -0.273161,  0.999417,  -0.025647,  0.00385488,  -0.022206
-0.46246, 0.09187,  -0.280032,  0.999408,  -0.0250307,  0.00416312,  -0.023219
-0.464003, 0.125465,  -0.303938,  0.999513,  -0.0184471,  0.00473721,  -0.0247225
-0.458681, 0.124401,  -0.304545,  0.999517,  -0.0195174,  0.00430599,  -0.0237772
-0.460671, 0.131611,  -0.313825,  0.999576,  -0.0189079,  0.0051129,  -0.021557
-0.457968, 0.13079,  -0.329702,  0.999653,  -0.0196711,  0.00607079,  -0.0164516
-0.45471, 0.126828,  -0.332243,  0.999645,  -0.020782,  0.00613487,  -0.015473
-0.45777, 0.126307,  -0.352875,  0.999672,  -0.0222541,  0.00734478,  -0.0103624
-0.456637, 0.122941,  -0.3577,  0.99967,  -0.0229234,  0.00756201,  -0.00884198
-0.444559, 0.122852,  -0.384489,  0.999669,  -0.0238411,  0.00797975,  -0.00538613
-0.433841, 0.123969,  -0.391749,  0.999673,  -0.0238936,  0.00805799,  -0.00413267
-0.428532, 0.124379,  -0.39785,  0.999672,  -0.0239637,  0.0081692,  -0.00378229
-0.427175, 0.12323,  -0.398289,  0.999667,  -0.0241987,  0.00820266,  -0.00369112
-0.420629, 0.121108,  -0.402222,  0.999665,  -0.0242996,  0.00822714,  -0.00347532
-0.40564, 0.12122,  -0.410789,  0.99967,  -0.0241263,  0.00829371,  -0.00302793
-0.394786, 0.124837,  -0.405223,  0.99968,  -0.0237394,  0.00837082,  -0.00236735
-0.387068, 0.123789,  -0.400967,  0.999679,  -0.0237734,  0.0084438,  -0.00219923
-0.36796, 0.121,  -0.394704,  0.999682,  -0.0236735,  0.00848835,  -0.00192078
-0.357275, 0.12278,  -0.3858,  0.999687,  -0.0234325,  0.00859081,  -0.00168438
-0.355818, 0.123085,  -0.380976,  0.999687,  -0.0234687,  0.00853163,  -0.00173795
-0.374868, 0.12281,  -0.378845,  0.999676,  -0.0237721,  0.0084089,  -0.00335321
-0.381695, 0.130857,  -0.378363,  0.99969,  -0.0232211,  0.00830975,  -0.00332845
-0.382658, 0.128981,  -0.376734,  0.999681,  -0.0235816,  0.00832774,  -0.00358892
-0.38611, 0.126785,  -0.37698,  0.999674,  -0.023846,  0.00830736,  -0.00390421
-0.392659, 0.130881,  -0.382013,  0.99969,  -0.0230951,  0.00829865,  -0.00418462
-0.395376, 0.127172,  -0.382699,  0.999675,  -0.0237368,  0.00829337,  -0.00427549
-0.399157, 0.12532,  -0.38405,  0.999669,  -0.0239582,  0.00828764,  -0.00436547
-0.40597, 0.127939,  -0.386921,  0.999683,  -0.0233049,  0.00824495,  -0.00474326
-0.410771, 0.126577,  -0.386667,  0.999674,  -0.0236917,  0.00820732,  -0.00483464
-0.420762, 0.127066,  -0.389394,  0.999678,  -0.0234602,  0.00820034,  -0.00505592
-0.45262, 0.119576,  -0.403994,  0.999643,  -0.0250143,  0.00806983,  -0.00483435
-0.457663, 0.115415,  -0.408982,  0.999641,  -0.02506,  0.00816894,  -0.00485648
-0.461152, 0.111356,  -0.415172,  0.999638,  -0.0251732,  0.0081003,  -0.00497165
-0.461914, 0.106215,  -0.421172,  0.999639,  -0.0251798,  0.00800262,  -0.00495427
-0.462154, 0.101286,  -0.426916,  0.999638,  -0.0252246,  0.00803369,  -0.00474847
-0.465413, 0.0982367,  -0.430219,  0.999635,  -0.025347,  0.00802052,  -0.00489041
-0.46512, 0.0958246,  -0.433441,  0.999637,  -0.025325,  0.00800979,  -0.00451473
-0.469371, 0.0937875,  -0.438492,  0.999637,  -0.0253238,  0.00808672,  -0.00446497
-0.476405, 0.0869827,  -0.4491,  0.99961,  -0.0260337,  0.00772659,  -0.00658403
-0.468189, 0.0864421,  -0.448375,  0.9996,  -0.0263379,  0.00734213,  -0.00721078
-0.463045, 0.0874166,  -0.449922,  0.999595,  -0.026478,  0.00723797,  -0.00749001
-0.530969, 0.0851535,  -0.489395,  0.999462,  -0.0294289,  0.0068322,  -0.0127532
-0.632251, 0.0542848,  -0.56337,  0.999114,  -0.0352629,  0.00644076,  -0.022035
-0.691543, -0.0029996,  -0.590238,  0.998618,  -0.0421737,  0.00654516,  -0.0306677
-0.862941, -0.0828726,  -0.762912,  0.996804,  -0.0554327,  -0.00160766,  -0.0575013
-1.05256, -0.148095,  -0.91179,  0.995558,  -0.0647683,  -0.00307268,  -0.0682669
-0.797487, 0.0353075,  -0.557394,  0.998034,  -0.0482238,  0.00584005,  -0.0396158
-0.851611, 0.0346702,  -0.574319,  0.997629,  -0.051506,  0.00553611,  -0.0453119
-0.893821, 0.0320548,  -0.590312,  0.997247,  -0.054076,  0.00570726,  -0.0504081
-1.00403, 0.0110747,  -0.559769,  0.996949,  -0.0555051,  0.00603942,  -0.0545459
-1.0399, 0.00982902,  -0.568685,  0.996425,  -0.0592435,  0.00542434,  -0.059982
-1.04896, 0.00325724,  -0.572116,  0.996137,  -0.061082,  0.00504428,  -0.0628794
-1.0524, -0.00422806,  -0.572732,  0.996069,  -0.061776,  0.00522101,  -0.0632704
-1.05434, -0.00892778,  -0.571886,  0.996005,  -0.0623852,  0.00524524,  -0.0636817
-1.05098, -0.0125268,  -0.574531,  0.995983,  -0.0626497,  0.00526595,  -0.0637571
-1.03461, -0.0225206,  -0.59089,  0.996053,  -0.0625634,  0.00562401,  -0.0627127
-1.01328, -0.0233867,  -0.598791,  0.996049,  -0.0625059,  0.00568784,  -0.0628306
-1.00743, -0.0256197,  -0.602184,  0.996082,  -0.0623704,  0.00561337,  -0.0624405
-1.00536, -0.0285754,  -0.603745,  0.996061,  -0.0627285,  0.00571342,  -0.0624142
-1.00326, -0.0303004,  -0.603597,  0.996092,  -0.0624465,  0.0058854,  -0.0621781
-1.00112, -0.0332103,  -0.605497,  0.996092,  -0.0624633,  0.00571572,  -0.0621754
-1.00202, -0.0383054,  -0.608174,  0.996175,  -0.0618484,  0.00588352,  -0.0614376
-1.00374, -0.0404748,  -0.609477,  0.99625,  -0.0612416,  0.0062368,  -0.0607923
-0.96477, -0.0476187,  -0.634977,  0.997707,  -0.0497073,  0.00531281,  -0.0456308
-0.963458, -0.0561081,  -0.63839,  0.997796,  -0.0492749,  0.00564396,  -0.0440735
-0.926086, -0.0812895,  -0.639313,  0.998297,  -0.0449337,  0.00714266,  -0.0365223
-0.923224, -0.0877581,  -0.65173,  0.998396,  -0.0436489,  0.00803037,  -0.0351601
-0.919979, -0.0920086,  -0.657754,  0.998438,  -0.0431234,  0.00829203,  -0.034531
-0.916668, -0.106487,  -0.678543,  0.998468,  -0.0422434,  0.00981438,  -0.0343739
-0.913551, -0.10929,  -0.681491,  0.998477,  -0.0422272,  0.00960235,  -0.0341863
-0.870089, -0.127965,  -0.693776,  0.99849,  -0.0428907,  0.0073121,  -0.0335215
-0.872582, -0.141895,  -0.69255,  0.998301,  -0.0446953,  0.00815806,  -0.0364894
-0.868439, -0.15066,  -0.690479,  0.998184,  -0.0459836,  0.00757038,  -0.0381797
-0.867942, -0.15012,  -0.685222,  0.998103,  -0.0466134,  0.00775742,  -0.039457
-0.866581, -0.150324,  -0.681642,  0.998055,  -0.0470743,  0.00780485,  -0.040111
-0.852219, -0.122327,  -0.617792,  0.997832,  -0.0493288,  0.00725313,  -0.0429561
-0.821475, -0.118262,  -0.634261,  0.998024,  -0.0475848,  0.00767814,  -0.0402994
-0.820817, -0.118394,  -0.635526,  0.998027,  -0.0475381,  0.00779149,  -0.0402654
-0.817981, -0.115355,  -0.633981,  0.998055,  -0.0472555,  0.00772031,  -0.0399117
-0.789666, -0.0240761,  -0.566536,  0.998571,  -0.0416981,  0.00784588,  -0.0324956
-0.788983, -0.0219114,  -0.563493,  0.998575,  -0.0416961,  0.00781481,  -0.032367
-0.788037, -0.0197879,  -0.562019,  0.998584,  -0.0415791,  0.00782152,  -0.0322342
-0.787061, -0.018107,  -0.560632,  0.998589,  -0.0415051,  0.00782498,  -0.032181
-0.786557, -0.0157996,  -0.558105,  0.998594,  -0.0414501,  0.00784798,  -0.0321139
-0.787419, -0.0148267,  -0.558017,  0.998598,  -0.041343,  0.00787588,  -0.032101
-0.787735, -0.0137443,  -0.557464,  0.998604,  -0.0412953,  0.00783878,  -0.0319916
-0.788634, -0.0189178,  -0.563077,  0.998607,  -0.0413338,  0.00771007,  -0.0318909
-0.789132, -0.0216743,  -0.565755,  0.998602,  -0.0413989,  0.00768594,  -0.0319648
-0.789379, -0.0241161,  -0.567855,  0.998595,  -0.0414986,  0.00765432,  -0.032038
-0.789637, -0.027379,  -0.570492,  0.998589,  -0.0415931,  0.00763225,  -0.0321082
-0.790898, -0.0309404,  -0.57409,  0.998582,  -0.0416873,  0.00765713,  -0.0322142
-0.793176, -0.0348069,  -0.578737,  0.998577,  -0.0417451,  0.00767894,  -0.0322893
-0.793963, -0.036693,  -0.580228,  0.99857,  -0.0418262,  0.00767621,  -0.03239
-0.794798, -0.0394115,  -0.583271,  0.998567,  -0.0418817,  0.00767182,  -0.0324344
-0.795364, -0.0445443,  -0.589553,  0.998563,  -0.04194,  0.00766712,  -0.0324815
-0.795728, -0.0482836,  -0.595152,  0.998562,  -0.0419024,  0.00768131,  -0.032542
-0.7958, -0.0525723,  -0.60107,  0.998563,  -0.0418662,  0.00767229,  -0.0325581
-0.795625, -0.0540321,  -0.603063,  0.998563,  -0.0418587,  0.00771278,  -0.0325721
-0.795176, -0.0558758,  -0.604156,  0.998557,  -0.0419656,  0.00766677,  -0.0326142
-0.794343, -0.0571671,  -0.604958,  0.998554,  -0.0420312,  0.00763781,  -0.032645
-0.793371, -0.0578972,  -0.605775,  0.998556,  -0.0420325,  0.00759285,  -0.0325818
-0.792654, -0.0571977,  -0.60518,  0.998561,  -0.0419904,  0.00757715,  -0.0324886
-0.792368, -0.0553497,  -0.602835,  0.998561,  -0.0419842,  0.00758449,  -0.0324931
-0.791488, -0.0542609,  -0.601975,  0.998565,  -0.0419486,  0.00752866,  -0.0324348
-0.790959, -0.0526277,  -0.600578,  0.998568,  -0.0418956,  0.00755082,  -0.032396
-0.790949, -0.0517636,  -0.600153,  0.99857,  -0.0418314,  0.00757598,  -0.032408
-0.790216, -0.0505106,  -0.599326,  0.998575,  -0.0417691,  0.00759819,  -0.0323436
-0.788613, -0.0484768,  -0.597403,  0.998579,  -0.0417116,  0.00765081,  -0.0322647
-0.786487, -0.0459339,  -0.593806,  0.998578,  -0.0417327,  0.00771317,  -0.0322502
-0.78572, -0.0435153,  -0.591304,  0.99858,  -0.0416859,  0.00776077,  -0.0322622
-0.785039, -0.041712,  -0.589002,  0.99858,  -0.0416711,  0.00775926,  -0.0322662
-0.78467, -0.0393532,  -0.586033,  0.99858,  -0.0416619,  0.00780284,  -0.0322628
-0.783558, -0.0372927,  -0.583555,  0.998583,  -0.0416485,  0.00781431,  -0.0321869
-0.77879, -0.0302686,  -0.572766,  0.998584,  -0.0417244,  0.00777912,  -0.0320855
-0.777508, -0.0282274,  -0.570983,  0.99859,  -0.041622,  0.00778642,  -0.0320059
-0.77823, -0.0269117,  -0.569661,  0.998593,  -0.0415762,  0.00783697,  -0.0319756
-0.777986, -0.0265971,  -0.569287,  0.998595,  -0.0415424,  0.00780668,  -0.0319561
-0.777747, -0.0261485,  -0.568579,  0.998595,  -0.0415344,  0.00779206,  -0.0319651
-0.777672, -0.0264117,  -0.568326,  0.998593,  -0.0415812,  0.00778056,  -0.031985
-0.777536, -0.0261471,  -0.568455,  0.998596,  -0.0415273,  0.00779144,  -0.031963
-0.776418, -0.0257995,  -0.568092,  0.998595,  -0.0415063,  0.00783521,  -0.0319845
-0.774862, -0.0245189,  -0.56616,  0.998597,  -0.0415223,  0.00778568,  -0.0319129
-0.775141, -0.0249343,  -0.566387,  0.998597,  -0.0415428,  0.00777731,  -0.0319075
-0.773796, -0.0251003,  -0.566152,  0.998599,  -0.0415699,  0.00782071,  -0.0318068
-0.77298, -0.0255333,  -0.566989,  0.998602,  -0.0415123,  0.00781641,  -0.031788
-0.772552, -0.0265009,  -0.568519,  0.998604,  -0.0414888,  0.00778851,  -0.0317373
-0.772582, -0.0267881,  -0.568813,  0.998603,  -0.041503,  0.00778679,  -0.0317584
-0.771635, -0.0277479,  -0.570228,  0.998604,  -0.0414838,  0.00775879,  -0.0317577
-0.770922, -0.0281836,  -0.570413,  0.998601,  -0.0415049,  0.00776579,  -0.0318299
-0.770146, -0.0284538,  -0.570272,  0.998598,  -0.041526,  0.00779155,  -0.0318927
-0.769493, -0.0282563,  -0.56941,  0.998595,  -0.0415755,  0.00777956,  -0.0319309
-0.768408, -0.0287223,  -0.569566,  0.998592,  -0.0416071,  0.00777442,  -0.0319636
-0.767907, -0.029316,  -0.570235,  0.998591,  -0.0416163,  0.0077882,  -0.0319857
-0.767111, -0.0299772,  -0.570842,  0.998591,  -0.0416326,  0.00781951,  -0.0319638
-0.767049, -0.0310415,  -0.571345,  0.998585,  -0.0416895,  0.00779625,  -0.0320764
-0.766633, -0.0342791,  -0.575351,  0.998583,  -0.0417232,  0.00774735,  -0.0321065
-0.765765, -0.0379332,  -0.579412,  0.998582,  -0.0417929,  0.00760802,  -0.0321003
-0.766374, -0.0398446,  -0.581233,  0.998577,  -0.0418707,  0.00756785,  -0.0321509
-0.767613, -0.0417551,  -0.582983,  0.998572,  -0.0419263,  0.00756695,  -0.0322362
-0.768341, -0.0446343,  -0.58618,  0.99857,  -0.0419797,  0.00749584,  -0.0322286
-0.7692, -0.0462766,  -0.587718,  0.998567,  -0.0420358,  0.00748126,  -0.0322738
-0.770558, -0.0483928,  -0.590396,  0.998565,  -0.0420514,  0.00750015,  -0.0322874
-0.772587, -0.0514455,  -0.594083,  0.998562,  -0.0420986,  0.00751423,  -0.0323186
-0.774299, -0.0526315,  -0.595882,  0.998566,  -0.042089,  0.00740715,  -0.0322497
-0.775907, -0.0529647,  -0.596925,  0.998568,  -0.0420538,  0.00740752,  -0.0322411
-0.777786, -0.0556573,  -0.600057,  0.998566,  -0.0421065,  0.00737231,  -0.0322358
-0.779514, -0.0579125,  -0.603027,  0.998565,  -0.0421286,  0.00731617,  -0.0322466
-0.781848, -0.0593923,  -0.60512,  0.998561,  -0.0421514,  0.00735594,  -0.0323251
-0.783758, -0.059216,  -0.605325,  0.998562,  -0.0421307,  0.00735505,  -0.0323371
-0.785274, -0.058533,  -0.604797,  0.998565,  -0.0420939,  0.00730672,  -0.0322761
-0.786784, -0.0585001,  -0.605312,  0.998568,  -0.0420537,  0.00731096,  -0.0322513
-0.787662, -0.0578566,  -0.604398,  0.998565,  -0.0420779,  0.00737178,  -0.032304
-0.788279, -0.0577022,  -0.604288,  0.998563,  -0.0420761,  0.00739283,  -0.0323419
-0.787705, -0.0574366,  -0.604288,  0.998564,  -0.0420641,  0.00735779,  -0.0323413
-0.760359, -0.0758334,  -0.630783,  0.998598,  -0.041785,  0.00746787,  -0.0316275
-0.764114, -0.0743285,  -0.625349,  0.998568,  -0.0420927,  0.00764444,  -0.0321348
-0.765023, -0.0732649,  -0.623335,  0.998561,  -0.0421296,  0.00765877,  -0.0322986
-0.765505, -0.0722397,  -0.621842,  0.998558,  -0.0421386,  0.00765386,  -0.0323621
-0.765738, -0.0713428,  -0.620781,  0.998557,  -0.0421325,  0.00768084,  -0.0324053
-0.765509, -0.0702261,  -0.619532,  0.998557,  -0.0421159,  0.00769479,  -0.0324309
-0.765438, -0.069224,  -0.618277,  0.998556,  -0.042115,  0.00771644,  -0.0324439
-0.765634, -0.0675376,  -0.61619,  0.998555,  -0.0421126,  0.00777556,  -0.03248
-0.771539, -0.0346677,  -0.572495,  0.998552,  -0.0420582,  0.00786858,  -0.0325912
-0.76154, -0.0335135,  -0.572602,  0.998579,  -0.0418613,  0.00778608,  -0.0320603
-0.75451, -0.0335581,  -0.572302,  0.998587,  -0.0418363,  0.00768518,  -0.0318498
-0.713152, -0.0125913,  -0.546157,  0.998662,  -0.041271,  0.00769472,  -0.0301914
-0.711275, -0.0133917,  -0.548717,  0.998664,  -0.0411408,  0.00768403,  -0.0302941
-0.700204, -0.0142612,  -0.55094,  0.998684,  -0.0409695,  0.00767218,  -0.0298718
-0.695259, -0.0158229,  -0.555295,  0.998706,  -0.0407404,  0.00766899,  -0.0294622
-0.693602, -0.025255,  -0.569887,  0.998732,  -0.0404916,  0.00772552,  -0.0289156
-0.691345, -0.0327628,  -0.579756,  0.99874,  -0.0405093,  0.00770999,  -0.0286048
-0.684071, -0.052291,  -0.60643,  0.998753,  -0.0404487,  0.00767202,  -0.0282462
-0.683757, -0.0550357,  -0.612551,  0.998761,  -0.0401986,  0.00776157,  -0.0282923
-0.683318, -0.0577808,  -0.618004,  0.998764,  -0.0400614,  0.0078912,  -0.0283412
-0.682148, -0.0607441,  -0.622774,  0.998767,  -0.0399771,  0.00793372,  -0.0283348
-0.678824, -0.0693302,  -0.637481,  0.998773,  -0.039666,  0.00820082,  -0.0284956
-0.675789, -0.07665,  -0.647162,  0.998768,  -0.0396965,  0.00821614,  -0.0286205
-0.671399, -0.088271,  -0.663494,  0.998772,  -0.0396236,  0.00825602,  -0.0285599
-0.6704, -0.0924706,  -0.668411,  0.998766,  -0.0397377,  0.00823011,  -0.0286349
-0.665064, -0.114976,  -0.696751,  0.998739,  -0.0400659,  0.00840737,  -0.029044
-0.65067, -0.138502,  -0.729738,  0.998742,  -0.0400536,  0.00854693,  -0.0289349
-0.635408, -0.149355,  -0.744622,  0.998744,  -0.039943,  0.00857878,  -0.0290058
-0.576665, -0.133085,  -0.721367,  0.998832,  -0.039516,  0.00842381,  -0.0265057
-0.553515, -0.15837,  -0.745512,  0.998752,  -0.0402545,  0.00847319,  -0.0283225
-0.552394, -0.158513,  -0.7447,  0.998755,  -0.0403231,  0.00841762,  -0.0281537
-0.553313, -0.158783,  -0.7423,  0.998749,  -0.0404747,  0.00825484,  -0.0281841
-0.554932, -0.158586,  -0.741365,  0.998755,  -0.0404683,  0.00815947,  -0.0279869
-0.557302, -0.158551,  -0.742933,  0.99877,  -0.0402911,  0.00821096,  -0.0277184
-0.561694, -0.157259,  -0.7427,  0.998782,  -0.0401261,  0.0082843,  -0.0275088
-0.562224, -0.156086,  -0.743485,  0.998805,  -0.0398811,  0.00825867,  -0.0270232
-0.586824, -0.120299,  -0.745712,  0.999094,  -0.0360156,  0.00876264,  -0.0209114
-0.59004, -0.118079,  -0.748877,  0.999119,  -0.035629,  0.0090075,  -0.0202756
-0.593671, -0.116342,  -0.75301,  0.999142,  -0.0353086,  0.00919232,  -0.0195772
-0.596811, -0.115717,  -0.757717,  0.999164,  -0.0350099,  0.00924056,  -0.0189658
-0.598026, -0.114806,  -0.759145,  0.999173,  -0.0348975,  0.00921396,  -0.0187027
-0.599398, -0.113795,  -0.760005,  0.999181,  -0.0348563,  0.00917859,  -0.0184125
-0.600717, -0.112522,  -0.760412,  0.999188,  -0.0348656,  0.00915018,  -0.017995
-0.602264, -0.112019,  -0.761774,  0.999194,  -0.0348282,  0.00913974,  -0.0177381
-0.604648, -0.111198,  -0.761906,  0.999196,  -0.0347534,  0.00910372,  -0.0177751
-0.605583, -0.110752,  -0.762108,  0.999199,  -0.0347187,  0.0090326,  -0.0177086
-0.606977, -0.110055,  -0.761195,  0.999198,  -0.0346895,  0.00908235,  -0.017846
-0.607868, -0.108262,  -0.758106,  0.999197,  -0.0346994,  0.00900893,  -0.0178903
-0.612708, -0.103338,  -0.749563,  0.999189,  -0.0346903,  0.00912384,  -0.0183139
-0.614643, -0.102406,  -0.747242,  0.999179,  -0.0348013,  0.00920894,  -0.01857
-0.616312, -0.103512,  -0.747262,  0.999166,  -0.0349914,  0.00944726,  -0.0188296
-0.59883, -0.11,  -0.761827,  0.999166,  -0.0352946,  0.0109037,  -0.0173747
-0.611056, -0.103962,  -0.735368,  0.999111,  -0.0357706,  0.0099969,  -0.0199602
-0.6102, -0.106127,  -0.734856,  0.999106,  -0.0358973,  0.0098759,  -0.0200473
-0.612369, -0.10884,  -0.735289,  0.999095,  -0.0359954,  0.00971291,  -0.0204697
-0.612922, -0.11329,  -0.737632,  0.999083,  -0.0362242,  0.00955961,  -0.0207149
-0.613474, -0.116928,  -0.739729,  0.999072,  -0.0363904,  0.00950049,  -0.0209857
-0.614605, -0.119962,  -0.741629,  0.999062,  -0.0365393,  0.00934316,  -0.021272
-0.615647, -0.123123,  -0.743373,  0.999052,  -0.0366822,  0.00931583,  -0.0215001
-0.616983, -0.126926,  -0.745722,  0.999037,  -0.0369244,  0.00907398,  -0.0218821
-0.617538, -0.13016,  -0.747248,  0.999023,  -0.0371174,  0.00899224,  -0.0222198
-0.59215, -0.17827,  -0.788664,  0.998896,  -0.0390103,  0.00753298,  -0.0250635
-0.596643, -0.179366,  -0.784606,  0.998864,  -0.0393918,  0.00737194,  -0.0257813
-0.599225, -0.182664,  -0.784462,  0.998835,  -0.0397337,  0.00734749,  -0.0263669
-0.601266, -0.187384,  -0.786124,  0.998805,  -0.0401172,  0.00743637,  -0.0269221
-0.603682, -0.193282,  -0.788593,  0.998772,  -0.0405774,  0.00738967,  -0.027462
-0.605077, -0.199862,  -0.793346,  0.998747,  -0.0409277,  0.00734704,  -0.0278583
-0.606373, -0.205831,  -0.796616,  0.998715,  -0.0413911,  0.00743346,  -0.0282913
-0.607778, -0.211218,  -0.799538,  0.998688,  -0.0417875,  0.00748309,  -0.0286435
-0.608933, -0.21642,  -0.802695,  0.998663,  -0.0421135,  0.00747108,  -0.0290242
-0.609823, -0.221102,  -0.805545,  0.998639,  -0.0424083,  0.00746128,  -0.0294181
-0.610738, -0.22511,  -0.8078,  0.998619,  -0.042678,  0.00746895,  -0.0297149
-0.611774, -0.228199,  -0.809763,  0.998606,  -0.0428857,  0.00747311,  -0.0298336
-0.611877, -0.229063,  -0.809882,  0.998599,  -0.0429817,  0.0075262,  -0.0299235
-0.611693, -0.229641,  -0.810023,  0.998595,  -0.0430397,  0.00757559,  -0.0299781
-0.61104, -0.229599,  -0.809994,  0.998593,  -0.0430423,  0.00763269,  -0.0300074
-0.609178, -0.228846,  -0.81038,  0.998598,  -0.0429043,  0.00750287,  -0.0300779
-0.607799, -0.228096,  -0.811532,  0.998606,  -0.0426989,  0.00729876,  -0.0301759
-0.607192, -0.227154,  -0.811273,  0.998611,  -0.0426092,  0.00717142,  -0.0301511
-0.60644, -0.227536,  -0.812115,  0.998616,  -0.0425855,  0.00700758,  -0.0300722
-0.605889, -0.228648,  -0.813325,  0.99862,  -0.0425658,  0.00691135,  -0.0299684
-0.605308, -0.230078,  -0.814563,  0.998627,  -0.0425895,  0.00695727,  -0.029704
-0.605491, -0.230742,  -0.815484,  0.998629,  -0.0426041,  0.0069877,  -0.0295882
-0.605591, -0.231506,  -0.816347,  0.998631,  -0.0426271,  0.00701955,  -0.0294757
-0.606121, -0.231636,  -0.816512,  0.998633,  -0.0426424,  0.00709673,  -0.0293819
-0.607185, -0.231758,  -0.816365,  0.998632,  -0.0426851,  0.00719821,  -0.0293371
-0.608652, -0.231608,  -0.816043,  0.998631,  -0.0427156,  0.00728362,  -0.0293131
-0.610332, -0.231867,  -0.816936,  0.998631,  -0.0426978,  0.00733334,  -0.0293107
-0.611535, -0.231614,  -0.818021,  0.998635,  -0.042623,  0.0073596,  -0.0292725
-0.612318, -0.231263,  -0.818578,  0.998637,  -0.0425626,  0.00739613,  -0.0292932
-0.612318, -0.231263,  -0.818578,  0.998637,  -0.0425626,  0.00739613,  -0.0292932
-0.655578, -0.153228,  -0.707675,  0.998612,  -0.0435126,  0.00628684,  -0.0289911
-0.646853, -0.148514,  -0.7044,  0.998611,  -0.0430002,  0.00609593,  -0.0298296
-0.636002, -0.146556,  -0.700959,  0.998606,  -0.0430024,  0.00645974,  -0.0299137
-0.614209, -0.148721,  -0.699224,  0.99859,  -0.0432011,  0.00752769,  -0.0299214
-0.585766, -0.150717,  -0.700792,  0.998599,  -0.0430078,  0.00770885,  -0.0298456
-0.560117, -0.165304,  -0.718413,  0.998595,  -0.0431443,  0.00803256,  -0.029687
-0.526943, -0.168454,  -0.711493,  0.998609,  -0.0441071,  0.00742036,  -0.0279062
-0.530532, -0.170982,  -0.72818,  0.998622,  -0.0429713,  0.00824307,  -0.0289679
-0.530532, -0.170982,  -0.72818,  0.998622,  -0.0429713,  0.00824307,  -0.0289679
-0.530532, -0.170982,  -0.72818,  0.998622,  -0.0429713,  0.00824307,  -0.0289679
-0.530818, -0.170981,  -0.727748,  0.998622,  -0.0429485,  0.00825885,  -0.0290055
-0.530818, -0.170981,  -0.727748,  0.998622,  -0.0429485,  0.00825885,  -0.0290055
-0.530818, -0.170981,  -0.727748,  0.998622,  -0.0429485,  0.00825885,  -0.0290055
-0.53173, -0.169818,  -0.727394,  0.998629,  -0.0427697,  0.00829086,  -0.0290099
-0.533059, -0.173441,  -0.732494,  0.998645,  -0.0426929,  0.00816611,  -0.0286262
-0.534224, -0.174806,  -0.73533,  0.998656,  -0.0426025,  0.00807345,  -0.0283968
-0.53687, -0.175956,  -0.73777,  0.998665,  -0.0425317,  0.00797049,  -0.0282237
-0.554393, -0.168388,  -0.741101,  0.99874,  -0.041585,  0.00798998,  -0.0269138
-0.552557, -0.171721,  -0.748477,  0.998763,  -0.0413303,  0.00770548,  -0.0265349
-0.554952, -0.173689,  -0.75225,  0.99877,  -0.0412679,  0.00761891,  -0.0264115
-0.557245, -0.17534,  -0.75662,  0.99878,  -0.0411,  0.00762129,  -0.0262906
-0.559373, -0.177209,  -0.760363,  0.998788,  -0.0409935,  0.00753151,  -0.0261707
-0.560648, -0.178701,  -0.763645,  0.998799,  -0.0408566,  0.00739277,  -0.0260073
-0.562531, -0.179219,  -0.768072,  0.998815,  -0.0405564,  0.00736389,  -0.0258667
-0.567442, -0.178979,  -0.771376,  0.998829,  -0.040238,  0.00729424,  -0.0258615
-0.569381, -0.185116,  -0.783216,  0.998847,  -0.040001,  0.00690324,  -0.025614
-0.573378, -0.208347,  -0.826367,  0.998914,  -0.0391351,  0.00654796,  -0.0244151
-0.576625, -0.227431,  -0.860812,  0.998952,  -0.0386583,  0.00601562,  -0.023764
-0.579413, -0.233353,  -0.871215,  0.998953,  -0.0386279,  0.00595867,  -0.0237763
-0.580908, -0.236179,  -0.876726,  0.998959,  -0.0385217,  0.00585185,  -0.023711
-0.581451, -0.238108,  -0.880845,  0.998969,  -0.0384165,  0.00567631,  -0.023525
-0.584537, -0.239107,  -0.88186,  0.998966,  -0.0383988,  0.00572975,  -0.0236498
-0.585645, -0.242055,  -0.885964,  0.998961,  -0.0385075,  0.00561415,  -0.0237378
-0.587449, -0.243529,  -0.887639,  0.998951,  -0.0385927,  0.00579555,  -0.0239545
-0.589652, -0.244801,  -0.888608,  0.998938,  -0.0387366,  0.00596696,  -0.0242216
-0.591988, -0.245748,  -0.891284,  0.998933,  -0.0387126,  0.00609381,  -0.0244496
-0.59389, -0.247456,  -0.893324,  0.998929,  -0.0387166,  0.00618796,  -0.0245868
-0.594904, -0.250264,  -0.897083,  0.998931,  -0.0387009,  0.00615904,  -0.0245296
-0.596638, -0.252013,  -0.900027,  0.998936,  -0.0386383,  0.00611907,  -0.0244191
-0.598903, -0.254275,  -0.90409,  0.998942,  -0.0385466,  0.00615671,  -0.0243131
-0.600289, -0.255889,  -0.907092,  0.998948,  -0.0384797,  0.00606067,  -0.0242154
-0.601884, -0.25895,  -0.91082,  0.998951,  -0.0384819,  0.00599488,  -0.0240971
-0.602363, -0.261908,  -0.915309,  0.998958,  -0.0384257,  0.00584949,  -0.0239305
-0.603114, -0.263814,  -0.918387,  0.998958,  -0.0384125,  0.00577738,  -0.0239436
-0.604057, -0.265671,  -0.921055,  0.998964,  -0.0383479,  0.0056149,  -0.0238457
-0.605429, -0.267164,  -0.923475,  0.998964,  -0.0383591,  0.00563366,  -0.0238467
-0.605362, -0.268948,  -0.927225,  0.998973,  -0.03822,  0.0054844,  -0.0237155
-0.605043, -0.269949,  -0.929575,  0.99898,  -0.0381238,  0.00520568,  -0.0236398
-0.605544, -0.268733,  -0.928216,  0.998986,  -0.0381383,  0.00467579,  -0.0234766
-0.606006, -0.264072,  -0.920366,  0.998983,  -0.0382928,  0.00416966,  -0.0234485
-0.604765, -0.261428,  -0.91292,  0.998976,  -0.0385906,  0.00342749,  -0.0233463
-0.606188, -0.262234,  -0.914148,  0.998972,  -0.0386655,  0.00345213,  -0.0234267
-0.622334, -0.305298,  -1.01586,  0.999041,  -0.0371558,  0.00507811,  -0.0226164
-0.6234, -0.304805,  -1.01402,  0.999043,  -0.0371009,  0.00522332,  -0.0225903
-0.623117, -0.304502,  -1.01138,  0.999043,  -0.0371496,  0.00514969,  -0.0225063
-0.623117, -0.304502,  -1.01138,  0.999043,  -0.0371496,  0.00514969,  -0.0225063
-0.623117, -0.304502,  -1.01138,  0.999043,  -0.0371496,  0.00514969,  -0.0225063
-0.605382, -0.31647,  -1.04641,  0.9991,  -0.0361807,  0.00659302,  -0.0211489
-0.607519, -0.305451,  -1.00916,  0.999067,  -0.0365623,  0.00622482,  -0.0221405
-0.607519, -0.305451,  -1.00916,  0.999067,  -0.0365623,  0.00622482,  -0.0221405
-0.607519, -0.305451,  -1.00916,  0.999067,  -0.0365623,  0.00622482,  -0.0221405
-0.607519, -0.305451,  -1.00916,  0.999067,  -0.0365623,  0.00622482,  -0.0221405
-0.606113, -0.334154,  -1.04003,  0.999013,  -0.037178,  0.00741416,  -0.0231594
-0.597687, -0.345182,  -1.03175,  0.998933,  -0.0387566,  0.00633899,  -0.0243011
-0.591707, -0.351072,  -1.02819,  0.998895,  -0.039502,  0.00565373,  -0.0248092
-0.505112, -0.36688,  -1.03401,  0.998947,  -0.0399859,  -0.000467496,  -0.0224774
-0.505227, -0.366149,  -1.03194,  0.998949,  -0.0399882,  -0.000555139,  -0.0223765
-0.507418, -0.364907,  -1.02762,  0.998941,  -0.0401575,  -0.000483407,  -0.0224503
-0.534701, -0.347865,  -0.990975,  0.998876,  -0.0410306,  -4.98091e-05,  -0.0237489
-0.5056, -0.362563,  -1.0225,  0.998896,  -0.0408949,  -0.0120844,  -0.0197268
-0.505292, -0.362319,  -1.02215,  0.998834,  -0.0413632,  -0.0159272,  -0.0191373
-0.506624, -0.361414,  -1.02002,  0.998685,  -0.042114,  -0.0229015,  -0.0181722
-0.506565, -0.360461,  -1.01966,  0.998593,  -0.0422735,  -0.0265232,  -0.0179487
-0.508739, -0.360484,  -1.01901,  0.998501,  -0.04272,  -0.0294997,  -0.0173472
-0.513307, -0.361434,  -1.02067,  0.998144,  -0.0439733,  -0.0387924,  -0.0164563
-0.51409, -0.362978,  -1.02142,  0.997959,  -0.0449287,  -0.0418809,  -0.0174558
-0.519799, -0.362294,  -1.0211,  0.997554,  -0.0464254,  -0.0498359,  -0.0157504
-0.528477, -0.365168,  -1.02052,  0.997041,  -0.0489741,  -0.0565438,  -0.0177204
-0.531268, -0.368474,  -1.03143,  0.996725,  -0.0499384,  -0.0618685,  -0.0147652
-0.536298, -0.371247,  -1.03185,  0.996373,  -0.0513058,  -0.0657634,  -0.0168297
-0.547328, -0.374525,  -1.0428,  0.995872,  -0.0527519,  -0.0718513,  -0.0171544
-0.549621, -0.37511,  -1.05008,  0.995709,  -0.0527668,  -0.0744501,  -0.0154021
-0.556814, -0.376913,  -1.06025,  0.995223,  -0.0535027,  -0.0803297,  -0.0146699
-0.561258, -0.375715,  -1.06897,  0.994745,  -0.0539953,  -0.085684,  -0.0149772
-0.568547, -0.380674,  -1.0784,  0.994446,  -0.0551806,  -0.0882156,  -0.0158066
-0.575522, -0.383289,  -1.09405,  0.993961,  -0.0562899,  -0.0928662,  -0.0157575
-0.576395, -0.381786,  -1.09658,  0.993831,  -0.0564013,  -0.094224,  -0.0155279
-0.581218, -0.384952,  -1.10576,  0.993554,  -0.05715,  -0.0965754,  -0.0160469
-0.58386, -0.38623,  -1.11949,  0.993128,  -0.0575587,  -0.100707,  -0.0155414
-0.589459, -0.389366,  -1.12578,  0.99298,  -0.057996,  -0.101741,  -0.016637
-0.594011, -0.393539,  -1.14079,  0.992725,  -0.0586207,  -0.103889,  -0.0163926
-0.5976, -0.395123,  -1.14735,  0.992659,  -0.0588222,  -0.104373,  -0.0165825
-0.611723, -0.40924,  -1.18127,  0.99232,  -0.060859,  -0.106413,  -0.0165232
-0.612846, -0.40759,  -1.19125,  0.992258,  -0.0608064,  -0.106979,  -0.0167737
-0.615372, -0.409493,  -1.19704,  0.992263,  -0.0608942,  -0.106899,  -0.0166783
-0.623737, -0.413759,  -1.2177,  0.992292,  -0.0612069,  -0.106377,  -0.0171453
-0.627952, -0.417544,  -1.22521,  0.992309,  -0.0615231,  -0.106033,  -0.0171464
-0.63487, -0.426053,  -1.2458,  0.992319,  -0.0624098,  -0.105389,  -0.0173772
-0.638135, -0.430279,  -1.25354,  0.992332,  -0.062703,  -0.105124,  -0.0171786
-0.64983, -0.440653,  -1.27879,  0.992459,  -0.0633405,  -0.103599,  -0.0167233
-0.652178, -0.445995,  -1.28484,  0.992464,  -0.0641366,  -0.103105,  -0.016442
-0.667618, -0.465221,  -1.3164,  0.992636,  -0.0660298,  -0.100422,  -0.0151527
-0.675072, -0.475683,  -1.33576,  0.992839,  -0.0663751,  -0.09822,  -0.014743
-0.67692, -0.481293,  -1.3484,  0.992962,  -0.0660168,  -0.0972382,  -0.014625
-0.684318, -0.48666,  -1.36533,  0.993249,  -0.0649414,  -0.0950354,  -0.0144038
-0.685745, -0.488108,  -1.37878,  0.993446,  -0.0638257,  -0.0936851,  -0.0146428
-0.686743, -0.48888,  -1.39246,  0.993638,  -0.0625114,  -0.0924826,  -0.0149507
-0.689035, -0.490943,  -1.40644,  0.993879,  -0.0611538,  -0.0907132,  -0.0153681
-0.694856, -0.504229,  -1.42639,  0.994347,  -0.0602619,  -0.0857431,  -0.0170723
-0.697758, -0.500723,  -1.43571,  0.994562,  -0.0585944,  -0.0843066,  -0.0174739
-0.712542, -0.507547,  -1.4603,  0.994978,  -0.0567574,  -0.0801018,  -0.019533
-0.696377, -0.514887,  -1.45075,  0.995118,  -0.0592594,  -0.0767171,  -0.0185375
-0.686435, -0.523976,  -1.4669,  0.996293,  -0.0573612,  -0.0605478,  -0.0210679
-0.686383, -0.530624,  -1.4743,  0.996586,  -0.0573662,  -0.0550493,  -0.0222294
-0.684459, -0.536171,  -1.49139,  0.99719,  -0.0558296,  -0.0434955,  -0.0245752
-0.759461, -0.597622,  -1.66088,  0.997749,  -0.0539282,  -0.031152,  -0.0248665
-0.7682, -0.621206,  -1.69794,  0.998003,  -0.0542504,  -0.0192544,  -0.0259943
-0.776292, -0.650726,  -1.77175,  0.998242,  -0.0523571,  -0.00490924,  -0.0273463
-0.779806, -0.673415,  -1.81013,  0.998265,  -0.0518382,  0.00449493,  -0.027558
-0.78379, -0.697337,  -1.86244,  0.998123,  -0.0503423,  0.0177734,  -0.0300101
-0.774052, -0.717214,  -1.89813,  0.998049,  -0.0503473,  0.0236344,  -0.028371
-0.797641, -0.729516,  -1.92139,  0.997752,  -0.0505946,  0.0312865,  -0.0308705
-0.790905, -0.781647,  -2.00359,  0.997346,  -0.0514664,  0.0415667,  -0.0304117
-0.795663, -0.787904,  -2.0174,  0.997179,  -0.0512436,  0.0452771,  -0.0309666
